date,n1,n2,n3,n4,n5,e1,e2,cal_day_of_week,cal_day_of_month,cal_day_of_year,cal_iso_week,cal_month,cal_quarter,cal_year,cal_season,cal_day_even,cal_month_even,cal_month_period,cal_year_period,cal_days_since_jan1,cal_days_until_dec31,astro_moon_age_days,astro_moon_illumination_pct,astro_moon_phase,astro_earth_moon_distance_km,astro_earth_sun_distance_km
2020-02-04,21,23,33,35,47,6,7,1,4,35,6,2,1,2020,Hiver,True,True,Début,Début,34,331,10.929166197704035,76.4507064819336,Premier Quartier,385163.67125048453,147463491.3659247
2020-02-07,9,15,17,25,40,3,9,4,7,38,6,2,1,2020,Hiver,False,True,Début,Début,37,328,13.929166197922314,96.93157196044922,Lune Gibbeuse Croissante,367980.92751999944,147533576.8475506
2020-02-11,24,26,32,43,46,6,10,1,11,42,7,2,1,2020,Hiver,False,True,Milieu,Début,41,324,17.92916619766038,90.74822998046875,Pleine Lune,361246.0114461351,147638606.9859821
2020-02-14,5,20,35,41,49,6,10,4,14,45,7,2,1,2020,Hiver,True,True,Milieu,Début,44,321,20.929166198104213,62.26413345336914,Lune Gibbeuse Décroissante,371111.7439567773,147725589.66705853
2020-02-18,11,32,34,38,47,2,10,1,18,49,8,2,1,2020,Hiver,True,True,Milieu,Début,48,317,24.929166197987797,21.1254825592041,Dernier Quartier,389036.1783310195,147849978.0218526
2020-02-21,7,23,30,32,45,5,9,4,21,52,8,2,1,2020,Hiver,False,True,Fin,Début,51,314,27.92916619789321,3.148860216140747,Dernier Croissant,399169.6564967082,147947723.19355533
2020-02-25,1,4,18,27,42,4,6,1,25,56,9,2,1,2020,Hiver,False,True,Fin,Début,55,310,2.186103136242309,4.491246700286865,Nouvelle Lune,406107.7067790064,148082446.03603446
2020-02-28,8,11,20,22,23,3,4,4,28,59,9,2,1,2020,Hiver,True,True,Fin,Début,58,307,5.1861031361841015,22.578840255737305,Premier Croissant,403701.86212109396,148186522.08457616
2020-03-03,4,14,27,44,45,1,10,1,3,63,10,3,1,2020,Printemps,False,False,Début,Début,62,303,9.186103136482416,60.2968864440918,Premier Quartier,386337.6838755656,148329760.4022401
2020-03-06,15,38,43,45,46,1,11,4,6,66,10,3,1,2020,Printemps,True,False,Début,Début,65,300,12.186103136089514,88.05631256103516,Lune Gibbeuse Croissante,367800.1896243267,148441451.33644447
2020-03-10,11,23,30,37,43,5,12,1,10,70,11,3,1,2020,Printemps,True,False,Début,Début,69,296,16.186103136453312,97.97563171386719,Pleine Lune,357433.13498371386,148597547.5758011
2020-03-13,3,11,21,27,36,9,10,4,13,73,11,3,1,2020,Printemps,False,False,Milieu,Début,72,293,19.186103136344173,77.01842498779297,Lune Gibbeuse Décroissante,367976.6433108709,148719974.2504479
2020-03-17,5,7,8,16,20,2,12,1,17,77,12,3,1,2020,Printemps,False,False,Milieu,Début,76,289,23.186103136373276,35.437660217285156,Dernier Quartier,390338.43858220713,148888170.48962215
2020-03-20,3,9,20,34,40,6,12,4,20,80,12,3,1,2020,Printemps,True,False,Milieu,Début,79,286,26.18610313602403,11.256478309631348,Dernier Croissant,401786.5071619411,149015991.784674
2020-03-24,7,12,26,30,33,10,11,1,24,84,13,3,1,2020,Printemps,True,False,Fin,Début,83,282,0.43874660608707927,0.3612242043018341,Nouvelle Lune,406679.4919583018,149186559.8734809
2020-03-27,11,14,27,41,46,2,3,4,27,87,13,3,1,2020,Printemps,False,False,Fin,Début,86,279,3.438746605970664,10.465349197387695,Nouvelle Lune,403141.08352785226,149313855.08158413
2020-03-31,12,17,24,30,36,1,9,1,31,91,14,3,1,2020,Printemps,False,False,Fin,Début,90,275,7.4387466058833525,43.902381896972656,Premier Quartier,387398.32169809996,149482559.5742511
2020-04-03,16,19,34,46,50,2,6,4,3,94,14,4,2,2020,Printemps,False,True,Début,Début,93,272,10.438746606239874,75.26830291748047,Premier Quartier,369913.071005981,149608963.10956013
2020-04-07,4,5,14,33,48,7,12,1,7,98,15,4,2,2020,Printemps,False,True,Début,Début,97,268,14.438746605890628,99.70049285888672,Lune Gibbeuse Croissante,356912.5513281492,149779040.77833018
2020-04-10,3,10,17,33,39,1,4,4,10,101,15,4,2,2020,Printemps,True,True,Début,Début,100,265,17.438746605963388,89.27816772460938,Pleine Lune,365629.87197557575,149908261.99966896
2020-04-14,6,29,34,35,40,4,11,1,14,105,16,4,2,2020,Printemps,True,True,Milieu,Début,104,261,21.438746605927008,51.37566375732422,Lune Gibbeuse Décroissante,389702.1812801732,150081300.02211583
2020-04-17,16,28,32,37,45,1,11,4,17,108,16,4,2,2020,Printemps,False,True,Milieu,Début,107,258,24.43874660624715,23.30944061279297,Dernier Quartier,402535.89544974203,150209718.7379398
2020-04-21,10,11,14,23,28,6,8,1,21,112,17,4,2,2020,Printemps,False,True,Fin,Début,111,254,28.43874660628353,1.6418365240097046,Dernier Croissant,406050.37500481535,150376675.5519301
2020-04-24,1,5,19,21,28,4,7,4,24,115,17,4,2,2020,Printemps,True,True,Fin,Début,114,251,1.7320562885215622,2.850257635116577,Nouvelle Lune,400976.5129889078,150497657.71665025
2020-04-28,15,23,26,28,32,1,5,1,28,119,18,4,2,2020,Printemps,True,True,Fin,Début,118,247,5.732056288878084,29.084144592285156,Premier Croissant,386804.5581776657,150652701.7821097
2020-05-01,19,20,38,45,47,2,6,4,1,122,18,5,2,2020,Printemps,False,False,Début,Début,121,244,8.732056288878084,60.903282165527344,Premier Quartier,372313.7955115204,150764660.21815234
2020-05-05,2,10,22,27,41,2,3,1,5,126,19,5,2,2020,Printemps,False,False,Début,Milieu,125,240,12.732056288696185,95.97442626953125,Lune Gibbeuse Croissante,359728.286823656,150909949.383243
2020-05-08,8,25,32,33,38,7,9,4,8,129,19,5,2,2020,Printemps,True,False,Début,Milieu,128,237,15.732056288485182,97.24027252197266,Pleine Lune,365887.20317103347,151016914.45163798
2020-05-12,9,16,29,37,39,4,11,1,12,133,20,5,2,2020,Printemps,True,False,Milieu,Milieu,132,233,19.732056288696185,67.3646011352539,Lune Gibbeuse Décroissante,388704.9358203531,151156354.24319854
2020-05-15,11,23,32,34,39,1,6,4,15,136,20,5,2,2020,Printemps,False,False,Milieu,Milieu,135,230,22.732056288841704,38.13862228393555,Dernier Quartier,402085.1478860687,151257024.1016663
2020-05-19,5,25,32,37,43,6,7,1,19,140,21,5,2,2020,Printemps,False,False,Milieu,Milieu,139,226,26.732056288878084,7.942516326904297,Dernier Croissant,404476.67701591767,151383588.13807827
2020-05-22,3,18,22,27,32,2,7,4,22,143,21,5,2,2020,Printemps,True,False,Fin,Milieu,142,223,0.09802851529821055,0.04939205199480057,Nouvelle Lune,397466.3176429629,151471542.74250042
2020-05-26,4,9,14,21,27,4,6,1,26,147,22,5,2,2020,Printemps,True,False,Fin,Milieu,146,219,4.098028515079932,16.754653930664062,Premier Croissant,383919.2304070473,151578489.97743952
2020-05-29,4,8,11,19,46,4,8,4,29,150,22,5,2,2020,Printemps,False,False,Fin,Milieu,149,216,7.0980285154801095,46.59104537963867,Premier Croissant,373271.89096271916,151651179.14362454
2020-06-02,10,12,22,26,49,7,11,1,2,154,23,6,2,2020,Été,True,True,Début,Milieu,153,212,11.098028515356418,88.0494613647461,Lune Gibbeuse Croissante,364429.28332151065,151739775.75245854
2020-06-05,5,11,17,24,37,3,6,4,5,157,23,6,2,2020,Été,False,True,Début,Milieu,156,209,14.098028515189071,99.98780822753906,Lune Gibbeuse Croissante,369120.4923172099,151801372.50908345
2020-06-09,5,15,27,36,46,2,8,1,9,161,24,6,2,2020,Été,False,True,Début,Milieu,160,205,18.098028515130864,81.55069732666016,Pleine Lune,388829.10822314234,151877521.36571008
2020-06-12,2,24,39,45,46,4,8,4,12,164,24,6,2,2020,Été,True,True,Milieu,Milieu,163,202,21.09802851515269,54.28590774536133,Lune Gibbeuse Décroissante,401535.02756919543,151929202.72086322
2020-06-16,4,9,11,17,39,2,10,1,16,168,25,6,2,2020,Été,True,True,Milieu,Milieu,167,198,25.098028515349142,18.652193069458008,Dernier Quartier,402728.0230721222,151988730.79660556
2020-06-19,5,14,19,24,43,3,11,4,19,171,25,6,2,2020,Été,False,True,Milieu,Milieu,170,195,28.098028515451006,2.2263295650482178,Dernier Croissant,393501.57815777557,152025057.54624218
2020-06-23,2,12,19,46,49,1,8,1,23,175,26,6,2,2020,Été,False,True,Fin,Milieu,174,191,2.5545605599108967,7.41571044921875,Nouvelle Lune,379068.2517587269,152061152.46095234
2020-06-26,1,10,12,21,26,5,11,4,26,178,26,6,2,2020,Été,True,True,Fin,Milieu,177,188,5.55456055967079,33.11715316772461,Premier Croissant,371943.85579482355,152078932.41646913
2020-06-30,1,6,11,28,42,2,10,1,30,182,27,6,2,2020,Été,True,True,Fin,Milieu,181,184,9.554560559932725,77.35946655273438,Premier Quartier,369147.3818249107,152091897.33889714
2020-07-03,4,16,27,37,39,3,6,4,3,185,27,7,3,2020,Été,False,False,Début,Milieu,184,181,12.55456056001276,97.72039031982422,Lune Gibbeuse Croissante,374369.48444285785,152095214.36169165
2020-07-07,12,16,23,33,41,8,10,1,7,189,28,7,3,2020,Été,False,False,Début,Milieu,188,177,16.55456055961986,92.2607421875,Pleine Lune,390751.290052126,152092485.8429413
2020-07-10,15,17,23,30,38,2,7,4,10,192,28,7,3,2020,Été,True,False,Début,Milieu,191,174,19.554560559736274,70.01228332519531,Lune Gibbeuse Décroissante,401750.7357572666,152084728.28963158
2020-07-14,11,22,30,37,47,9,10,1,14,196,29,7,3,2020,Été,True,False,Milieu,Milieu,195,170,23.554560560078244,32.777034759521484,Dernier Quartier,401613.3275864381,152065361.15654105
2020-07-17,7,15,27,41,43,7,9,4,17,199,29,7,3,2020,Été,False,False,Milieu,Milieu,198,167,26.554560559983656,9.366337776184082,Dernier Croissant,390240.59839162225,152042855.33521488
2020-07-21,14,15,24,29,42,2,4,1,21,203,30,7,3,2020,Été,False,False,Fin,Milieu,202,163,1.102131317878957,1.6384227275848389,Nouvelle Lune,373348.58875540976,152000714.8789599
2020-07-24,8,9,27,28,50,4,12,4,24,206,30,7,3,2020,Été,True,False,Fin,Milieu,205,160,4.102131318206375,20.88745880126953,Premier Croissant,368416.6629362388,151959751.43079332
2020-07-28,9,13,15,17,34,2,7,1,28,210,31,7,3,2020,Été,True,False,Fin,Milieu,209,156,8.102131318169995,64.86508178710938,Premier Quartier,372393.0707958818,151894052.97931498
2020-07-31,21,24,30,46,49,2,5,4,31,213,31,7,3,2020,Été,False,False,Fin,Milieu,212,153,11.102131317900785,91.21728515625,Lune Gibbeuse Croissante,380056.7894764159,151838341.26313192
2020-08-04,1,2,5,15,42,5,8,1,4,217,32,8,3,2020,Été,True,True,Début,Milieu,216,149,15.102131318039028,98.43733978271484,Pleine Lune,394170.9597108761,151757520.04106358
2020-08-07,5,20,21,36,41,6,11,4,7,220,32,8,3,2020,Été,False,True,Début,Milieu,219,146,18.102131317864405,83.5779037475586,Pleine Lune,402947.1795260773,151692303.0928941
2020-08-11,8,13,14,42,50,3,9,1,11,224,33,8,3,2020,Été,False,True,Milieu,Milieu,223,142,22.10213131812634,48.83428955078125,Lune Gibbeuse Décroissante,401501.2066987583,151598499.11494187
2020-08-14,9,10,19,42,49,4,12,4,14,227,33,8,3,2020,Été,True,True,Milieu,Milieu,226,139,25.10213131779892,20.9788818359375,Dernier Quartier,388603.05523741944,151522118.42338875
2020-08-18,6,12,17,34,42,5,12,1,18,231,34,8,3,2020,Été,True,True,Milieu,Milieu,230,135,29.102131317958992,0.24074970185756683,Dernier Croissant,368344.7718172046,151410712.82447854
2020-08-21,10,15,35,44,50,3,5,4,21,234,34,8,3,2020,Été,False,True,Fin,Milieu,233,132,2.7210819844622165,10.479583740234375,Nouvelle Lune,363608.56121017184,151319369.86343837
2020-08-25,7,18,30,37,39,8,10,1,25,238,35,8,3,2020,Été,False,True,Fin,Milieu,237,128,6.7210819844549405,51.07399368286133,Premier Croissant,373370.5322655801,151188258.29577583
2020-08-28,7,12,16,17,31,7,9,4,28,241,35,8,3,2020,Été,True,True,Fin,Milieu,240,125,9.721081984229386,81.23310852050781,Premier Quartier,384666.5984986738,151084842.08510187
2020-09-01,4,8,10,33,46,8,11,1,1,245,36,9,3,2020,Automne,False,False,Début,Fin,244,121,13.72108198456408,99.68461608886719,Lune Gibbeuse Croissante,398106.6153373457,150942745.1086145
2020-09-04,6,22,29,40,43,4,7,4,4,248,36,9,3,2020,Automne,True,False,Début,Fin,247,118,16.721081984193006,93.57171630859375,Pleine Lune,404656.09133478644,150833871.8604399
2020-09-08,2,9,31,35,41,9,12,1,8,252,37,9,3,2020,Automne,True,False,Début,Fin,251,114,20.721081984236662,65.01364135742188,Lune Gibbeuse Décroissante,402048.50570718106,150685711.50895184
2020-09-11,34,38,42,43,45,9,12,4,11,255,37,9,3,2020,Automne,False,False,Milieu,Fin,254,111,23.721081984578632,35.840354919433594,Dernier Quartier,388749.76327684394,150571827.0596737
2020-09-15,16,20,25,30,38,6,8,1,15,259,38,9,3,2020,Automne,False,False,Milieu,Fin,258,107,27.721081984534976,4.004460334777832,Dernier Croissant,365640.5650829127,150414874.8144346
2020-09-18,2,10,19,25,45,1,7,4,18,262,38,9,3,2020,Automne,True,False,Milieu,Fin,261,104,1.3748687521438114,3.0294928550720215,Nouvelle Lune,359141.6288208007,150292465.97324368
2020-09-22,16,25,28,39,40,1,6,1,22,266,39,9,3,2020,Automne,True,False,Fin,Fin,265,100,5.3748687517800136,36.455387115478516,Premier Croissant,372116.54773676716,150123476.14528257
2020-09-25,19,23,34,37,45,1,7,4,25,269,39,9,3,2020,Automne,False,False,Fin,Fin,268,97,8.374868752194743,68.30229187011719,Premier Quartier,387183.31012939924,149994076.58938497
2020-09-29,4,14,16,41,44,11,12,1,29,273,40,9,3,2020,Automne,False,False,Fin,Fin,272,93,12.374868751954637,95.995361328125,Lune Gibbeuse Croissante,401406.53612630913,149821002.90002632
2020-10-02,6,12,15,40,45,3,9,4,2,276,40,10,4,2020,Automne,True,True,Début,Fin,275,90,15.374868751998292,99.03125,Pleine Lune,406038.77629229677,149692067.0139817
2020-10-06,4,21,36,41,47,9,11,1,6,280,41,10,4,2020,Automne,True,True,Début,Fin,279,86,19.374868751903705,79.53924560546875,Lune Gibbeuse Décroissante,402293.1932610645,149522016.09539545
2020-10-09,11,15,35,41,50,5,8,4,9,283,41,10,4,2020,Automne,False,True,Début,Fin,282,83,22.37486875220202,52.124351501464844,Dernier Quartier,389810.4707613153,149395773.06118938
2020-10-13,5,14,38,41,46,1,10,1,13,287,42,10,4,2020,Automne,False,True,Milieu,Fin,286,79,26.37486875183822,12.980868339538574,Dernier Croissant,366029.5921703609,149228040.49186814
2020-10-16,15,33,38,40,50,3,6,4,16,290,42,10,4,2020,Automne,True,True,Milieu,Fin,289,76,0.020117179708904587,0.14094723761081696,Nouvelle Lune,356936.3408796513,149101619.1231032
2020-10-20,5,6,15,37,42,3,4,1,20,294,43,10,4,2020,Automne,True,True,Milieu,Fin,293,72,4.020117179577937,22.0057315826416,Premier Croissant,369641.56360633386,148931915.95690674
2020-10-23,10,15,19,21,23,3,12,4,23,297,43,10,4,2020,Automne,False,True,Fin,Fin,296,69,7.020117179643421,52.97868347167969,Premier Croissant,387406.297989892,148805066.58520058
2020-10-27,13,15,28,32,44,3,12,1,27,301,44,10,4,2020,Automne,False,True,Fin,Fin,300,65,11.020117179847148,87.50700378417969,Premier Quartier,403255.92123107694,148639482.9473134
2020-10-30,12,16,20,21,28,3,9,4,30,304,44,10,4,2020,Automne,True,True,Fin,Fin,303,62,14.020117179432418,99.33145141601562,Lune Gibbeuse Croissante,406393.46004478,148519535.12303454
2020-11-03,5,7,18,20,30,6,7,1,3,308,45,11,4,2020,Automne,False,False,Début,Fin,307,58,18.020117179505178,90.9444580078125,Pleine Lune,401148.1600017957,148366461.65445033
2020-11-06,7,12,37,40,50,1,2,4,6,311,45,11,4,2020,Automne,True,False,Début,Fin,310,55,21.020117179708905,67.92236328125,Lune Gibbeuse Décroissante,390160.4175020793,148257017.7356874
2020-11-10,3,19,29,32,38,5,12,1,10,315,46,11,4,2020,Automne,True,False,Début,Fin,314,51,25.02011717964342,25.999549865722656,Dernier Quartier,368783.3285418944,148117462.0266636
2020-11-13,1,5,17,28,31,1,10,4,13,318,46,11,4,2020,Automne,False,False,Milieu,Fin,317,48,28.020117179745284,3.0123841762542725,Dernier Croissant,358246.43809875695,148016364.1652546
2020-11-17,16,19,25,30,44,2,6,1,17,322,47,11,4,2020,Automne,False,False,Milieu,Fin,321,44,2.620019136033079,9.653312683105469,Nouvelle Lune,367842.8227298005,147885225.84740826
2020-11-20,28,29,39,48,50,5,7,4,20,325,47,11,4,2020,Automne,True,False,Milieu,Fin,324,41,5.6200191361349425,36.361026763916016,Premier Croissant,386174.43112609204,147790244.86136764
2020-11-24,25,33,38,42,50,8,12,1,24,329,48,11,4,2020,Automne,True,False,Fin,Fin,328,37,9.620019135858456,74.57237243652344,Premier Quartier,403538.1913999981,147670609.12256676
2020-11-27,2,5,8,14,16,8,9,4,27,332,48,11,4,2020,Automne,False,False,Fin,Fin,331,34,12.620019135829352,94.08718872070312,Lune Gibbeuse Croissante,405611.15649172355,147587799.47016728
2020-12-01,14,20,29,47,49,4,12,1,1,336,49,12,4,2020,Hiver,False,True,Début,Fin,335,30,16.620019136113115,98.0627212524414,Pleine Lune,398121.2095131574,147488146.11868495
2020-12-04,14,20,27,34,38,1,11,4,4,339,49,12,4,2020,Hiver,True,True,Début,Fin,338,27,19.620019135873008,81.70073699951172,Lune Gibbeuse Décroissante,388280.5901308212,147421948.33044183
2020-12-08,1,4,21,24,46,2,12,1,8,343,50,12,4,2020,Hiver,True,True,Début,Fin,342,23,23.620019135982147,41.10588455200195,Dernier Quartier,371766.6009960032,147344542.21517536
2020-12-11,6,9,13,24,41,3,12,4,11,346,50,12,4,2020,Hiver,False,True,Milieu,Fin,345,20,26.620019135982147,11.361825942993164,Dernier Croissant,362574.3600927475,147293386.9469708
2020-12-15,9,13,21,29,35,1,2,1,15,350,51,12,4,2020,Hiver,False,True,Milieu,Fin,349,16,1.1551576455967734,1.8602999448776245,Nouvelle Lune,368686.18497068004,147232494.6118533
2020-12-18,2,3,13,17,21,7,8,4,18,353,51,12,4,2020,Hiver,True,True,Milieu,Fin,352,13,4.155157645363943,20.527374267578125,Premier Croissant,385210.3795792757,147192199.9182824
2020-12-22,2,10,16,42,50,4,11,1,22,357,52,12,4,2020,Hiver,True,True,Fin,Fin,356,9,8.155157645371219,58.174800872802734,Premier Quartier,402904.89473028877,147147259.60945356
2020-12-25,16,21,27,30,32,3,5,4,25,360,52,12,4,2020,Hiver,False,True,Fin,Fin,359,6,11.155157645269355,83.3599853515625,Lune Gibbeuse Croissante,404282.529197363,147121606.18316376
2020-12-29,7,32,39,40,45,3,8,1,29,364,53,12,4,2020,Hiver,False,True,Fin,Fin,363,2,15.155157645538566,99.88726043701172,Pleine Lune,393831.94989422883,147099804.783345
2021-01-01,16,28,32,44,48,1,9,4,1,1,53,1,1,2021,Hiver,False,False,Début,Début,0,364,18.155157645596773,92.2923812866211,Pleine Lune,383770.0493688576,147093402.5726825
2021-01-05,12,34,37,38,42,1,3,1,5,5,1,1,1,2021,Hiver,False,False,Début,Début,4,360,22.155157645393047,56.54169464111328,Dernier Quartier,372651.7255681435,147097860.9366536
2021-01-08,18,23,37,41,42,4,6,4,8,8,1,1,1,2021,Hiver,True,False,Début,Début,7,357,25.155157645596773,23.53662872314453,Dernier Quartier,367692.73608642915,147109675.60117707
2021-01-12,2,10,18,34,35,6,9,1,12,12,2,1,1,2021,Hiver,True,False,Milieu,Début,11,353,29.155157645451254,0.2276812046766281,Dernier Croissant,372782.9686575431,147134285.77029762
2021-01-15,4,10,27,38,40,3,11,4,15,15,2,1,1,2021,Hiver,False,False,Milieu,Début,14,350,2.6248823149871896,8.182479858398438,Nouvelle Lune,386212.8148534059,147158512.52011666
2021-01-19,25,27,31,35,43,5,6,1,19,19,3,1,1,2021,Hiver,False,False,Milieu,Début,18,346,6.62488231487805,40.309383392333984,Premier Croissant,402427.3621518202,147199056.88206995
2021-01-22,8,16,42,44,47,6,7,4,22,22,3,1,1,2021,Hiver,True,False,Fin,Début,21,343,9.624882314972638,68.14871215820312,Premier Quartier,403298.86781526747,147236676.55725822
2021-01-26,5,7,25,37,40,2,8,1,26,26,4,1,1,2021,Hiver,True,False,Fin,Début,25,339,13.624882314834394,95.71976470947266,Lune Gibbeuse Croissante,389814.8942943179,147297961.22840515
2021-01-29,1,5,27,36,42,1,6,4,29,29,4,1,1,2021,Hiver,False,False,Fin,Début,28,336,16.62488231509633,98.580322265625,Pleine Lune,377804.7235445383,147353066.60708812
2021-02-02,18,20,35,38,48,9,12,1,2,33,5,2,1,2021,Hiver,True,True,Début,Début,32,332,20.6248823152564,71.15735626220703,Lune Gibbeuse Décroissante,370356.50406626426,147438783.11279675
2021-02-05,12,19,37,44,45,2,6,4,5,36,5,2,1,2021,Hiver,False,True,Début,Début,35,329,23.624882315321884,37.73223114013672,Dernier Quartier,371082.90391483915,147511071.0262244
2021-02-09,5,10,24,31,37,9,10,1,9,40,6,2,1,2021,Hiver,False,True,Début,Début,39,325,27.624882315190916,4.527990818023682,Dernier Croissant,378752.4045361483,147615316.492597
2021-02-12,7,23,30,32,36,8,12,4,12,43,6,2,1,2021,Hiver,True,True,Milieu,Début,42,322,1.037737228871265,1.3721389770507812,Nouvelle Lune,389607.65003159817,147697938.8937097
2021-02-16,5,9,25,29,30,6,7,1,16,47,7,2,1,2021,Hiver,True,True,Milieu,Début,46,318,5.037737229053164,23.690900802612305,Premier Croissant,402904.9295612573,147813508.6045689
2021-02-19,4,12,25,46,48,7,12,4,19,50,7,2,1,2021,Hiver,False,True,Milieu,Début,49,315,8.037737229038612,50.604618072509766,Premier Quartier,403192.7378541738,147904726.7314179
2021-02-23,9,18,30,39,45,1,3,1,23,54,8,2,1,2021,Hiver,False,True,Fin,Début,53,311,12.037737229031336,85.77796936035156,Lune Gibbeuse Croissante,387530.0872520275,148033555.61672723
2021-02-26,6,12,22,29,33,6,11,4,26,57,8,2,1,2021,Hiver,True,True,Fin,Début,56,308,15.037737229104096,99.47779846191406,Pleine Lune,372555.76624985895,148136481.40736437
2021-03-02,2,19,24,26,49,6,7,1,2,61,9,3,1,2021,Printemps,True,False,Début,Début,60,304,19.037737228907645,84.00695037841797,Lune Gibbeuse Décroissante,365638.64937964384,148282644.41179338
2021-03-05,4,5,39,46,48,7,10,4,5,64,9,3,1,2021,Printemps,False,False,Début,Début,63,301,22.037737228740298,52.723976135253906,Lune Gibbeuse Décroissante,371463.6412317786,148398044.70482168
2021-03-09,1,16,21,32,33,11,12,1,9,68,10,3,1,2021,Printemps,False,False,Début,Début,67,297,26.03773722891492,13.38322639465332,Dernier Croissant,384264.9626006198,148556744.62873748
2021-03-12,4,6,9,11,44,10,11,4,12,71,10,3,1,2021,Printemps,True,False,Milieu,Début,70,294,29.037737228725746,0.5561496615409851,Dernier Croissant,394231.56559610844,148677548.45889878
2021-03-16,23,25,32,35,47,2,6,1,16,75,11,3,1,2021,Printemps,True,False,Milieu,Début,74,290,3.4019872665885487,10.73497486114502,Nouvelle Lune,404295.34699378,148839672.40634438
2021-03-19,3,9,35,43,44,1,10,4,19,78,11,3,1,2021,Printemps,False,False,Milieu,Début,77,287,6.401987266486685,33.426971435546875,Premier Croissant,403748.7794356962,148962009.91371176
2021-03-23,2,26,29,36,49,3,9,1,23,82,12,3,1,2021,Printemps,False,False,Fin,Début,81,283,10.4019872666031,71.62944793701172,Premier Quartier,387327.8238178067,149126835.62972385
2021-03-26,10,12,37,49,50,3,8,4,26,85,12,3,1,2021,Printemps,True,False,Fin,Début,84,280,13.401987266646756,94.55589294433594,Lune Gibbeuse Croissante,369830.6609344525,149252641.74426073
2021-03-30,24,27,28,29,42,4,8,1,30,89,13,3,1,2021,Printemps,True,False,Fin,Début,88,276,17.401987266341166,93.84374237060547,Pleine Lune,360582.0635241243,149424369.00770012
2021-04-02,4,21,34,40,47,2,5,4,2,92,13,4,2,2021,Printemps,True,True,Début,Début,91,273,20.40198726640665,67.58695220947266,Lune Gibbeuse Décroissante,369281.1327440441,149555730.24374503
2021-04-06,2,21,37,38,50,7,8,1,6,96,14,4,2,2021,Printemps,True,True,Début,Début,95,269,24.40198726666131,25.427106857299805,Dernier Quartier,387623.67806445237,149731710.78641284
2021-04-09,2,8,32,35,44,8,11,4,9,99,14,4,2,2021,Printemps,False,True,Début,Début,98,266,27.40198726647941,5.030704975128174,Dernier Croissant,398331.76271788694,149862287.35039884
2021-04-13,16,20,31,47,50,2,8,1,13,103,15,4,2,2021,Printemps,False,True,Milieu,Début,102,262,1.7285988543153508,2.7504754066467285,Nouvelle Lune,405799.20889078645,150032668.18791893
2021-04-16,6,11,29,40,48,5,9,4,16,106,15,4,2,2021,Printemps,True,True,Milieu,Début,105,259,4.728598854031588,18.847606658935547,Premier Croissant,404165.32298827864,150157252.71072775
2021-04-20,5,17,28,41,46,10,11,1,20,110,16,4,2,2021,Printemps,True,True,Milieu,Début,109,255,8.728598854038864,55.6716423034668,Premier Quartier,388290.1338161969,150319323.15780568
2021-04-23,3,14,15,19,29,2,8,4,23,113,16,4,2,2021,Printemps,False,True,Fin,Début,112,252,11.728598854206211,84.68449401855469,Lune Gibbeuse Croissante,369970.5769350147,150438682.47804034
2021-04-27,13,14,24,35,49,1,10,1,27,117,17,4,2,2021,Printemps,False,True,Fin,Début,116,248,15.728598854024312,99.24590301513672,Pleine Lune,357414.25659877365,150596490.72916192
2021-04-30,1,16,24,28,46,2,11,4,30,120,17,4,2,2021,Printemps,True,True,Fin,Début,119,245,18.728598854271695,81.14714813232422,Lune Gibbeuse Décroissante,366226.3523115549,150714031.03689635
2021-05-04,3,10,13,28,46,4,11,1,4,124,18,5,2,2021,Printemps,True,False,Début,Milieu,123,241,22.728598853987933,39.63778305053711,Dernier Quartier,388513.99245090276,150867755.42662036
2021-05-07,14,22,33,38,47,8,9,4,7,127,18,5,2,2021,Printemps,False,False,Début,Milieu,126,238,25.728598854089796,13.830963134765625,Dernier Quartier,400756.2071129914,150978840.02332467
2021-05-11,14,25,34,43,46,5,6,1,11,131,19,5,2,2021,Printemps,False,False,Milieu,Milieu,130,234,0.04182972614944447,0.023931117728352547,Nouvelle Lune,406509.8651415883,151119153.65422356
2021-05-14,6,16,18,29,38,6,11,4,14,134,19,5,2,2021,Printemps,True,False,Milieu,Milieu,133,231,3.041829726062133,8.131370544433594,Nouvelle Lune,403568.2156948661,151217879.66599992
2021-05-18,5,13,38,39,40,4,12,1,18,138,20,5,2,2021,Printemps,True,False,Milieu,Milieu,137,227,7.041829726411379,40.0666618347168,Premier Croissant,388930.257355737,151340698.67667615
2021-05-21,2,9,13,15,35,3,10,4,21,141,20,5,2,2021,Printemps,False,False,Fin,Milieu,140,224,10.041829726440483,71.73116302490234,Premier Quartier,371862.69963816187,151426941.2693334
2021-05-25,1,21,26,30,38,2,8,1,25,145,21,5,2,2021,Printemps,False,False,Fin,Milieu,144,220,14.041829726214928,99.36802673339844,Lune Gibbeuse Croissante,357368.6628609753,151536010.68552274
2021-05-28,11,13,16,34,40,1,12,4,28,148,21,5,2,2021,Printemps,True,False,Fin,Milieu,147,217,17.041829726214928,91.86927032470703,Pleine Lune,364303.5783561063,151614192.5561202
2021-06-01,3,10,26,35,44,6,7,1,1,152,22,6,2,2021,Été,False,True,Début,Milieu,151,213,21.04182972614217,55.018882751464844,Lune Gibbeuse Décroissante,387816.1191655493,151712633.2326024
2021-06-04,7,20,36,40,46,2,4,4,4,155,22,6,2,2021,Été,True,True,Début,Milieu,154,210,24.041829726345895,26.09689712524414,Dernier Quartier,401405.14288756816,151780453.865331
2021-06-08,2,11,26,36,47,7,9,1,8,159,23,6,2,2021,Été,True,True,Début,Milieu,158,206,28.041829726505966,2.371173620223999,Dernier Croissant,406021.95293449954,151860615.24953163
2021-06-11,9,17,21,33,39,7,11,4,11,162,23,6,2,2021,Été,False,True,Milieu,Milieu,161,203,1.3801300645354786,1.8031344413757324,Nouvelle Lune,401499.6393051747,151912189.60394946
2021-06-15,11,21,26,30,31,2,3,1,15,166,24,6,2,2021,Été,False,True,Milieu,Milieu,165,199,5.380130064142577,26.161640167236328,Premier Croissant,387994.8716960161,151969167.4955003
2021-06-18,11,20,27,30,41,3,5,4,18,169,24,6,2,2021,Été,True,True,Milieu,Milieu,168,196,8.380130064098921,57.57872009277344,Premier Quartier,373796.13186997885,152003621.73226908
2021-06-22,6,24,26,27,41,3,8,1,22,173,25,6,2,2021,Été,True,True,Fin,Milieu,172,192,12.380130064484547,94.48982238769531,Lune Gibbeuse Croissante,360239.91892030986,152040643.98668522
2021-06-25,1,29,30,33,36,3,12,4,25,176,25,6,2,2021,Été,False,True,Fin,Milieu,175,189,15.380130064128025,98.32241821289062,Pleine Lune,364909.463053587,152063042.80727607
2021-06-29,6,12,20,24,48,5,6,1,29,180,26,6,2,2021,Été,False,True,Fin,Milieu,179,185,19.380130064266268,70.25921630859375,Lune Gibbeuse Décroissante,386970.6670665582,152085887.46426407
2021-07-02,9,14,29,38,49,7,10,4,2,183,26,7,3,2021,Été,True,False,Début,Milieu,182,182,22.38013006444089,40.91040802001953,Dernier Quartier,400999.0137945745,152096569.70433885
2021-07-06,2,5,21,27,42,9,11,1,6,187,27,7,3,2021,Été,True,False,Début,Milieu,186,178,26.380130064295372,9.491253852844238,Dernier Croissant,404617.9514242523,152100154.22897163
2021-07-09,6,19,36,37,49,4,11,4,9,190,27,7,3,2021,Été,False,False,Début,Milieu,189,175,29.380130064520927,0.11571137607097626,Dernier Croissant,398165.34035027766,152093859.01904443
2021-07-13,5,6,8,11,22,3,4,1,13,194,28,7,3,2021,Été,False,False,Milieu,Milieu,193,171,3.78014678555337,14.639257431030273,Premier Croissant,384911.28605255723,152072904.7083802
2021-07-16,5,16,42,47,49,3,11,4,16,197,28,7,3,2021,Été,True,False,Milieu,Milieu,196,168,6.780146785094985,43.48185729980469,Premier Croissant,374298.4292670682,152048151.87161255
2021-07-20,3,12,19,41,48,6,9,1,20,201,29,7,3,2021,Été,True,False,Milieu,Milieu,200,164,10.780146785487887,85.72830200195312,Premier Quartier,364741.7867711109,152005191.0763869
2021-07-23,23,24,26,34,50,2,4,4,23,204,29,7,3,2021,Été,False,False,Fin,Milieu,203,161,13.780146785160468,99.78726959228516,Lune Gibbeuse Croissante,368302.1387117308,151967241.4822648
2021-07-27,5,9,19,21,25,10,12,1,27,208,30,7,3,2021,Été,False,False,Fin,Milieu,207,157,17.780146785167744,83.71620178222656,Pleine Lune,387283.65814971784,151910138.75652274
2021-07-30,10,23,33,35,37,5,10,4,30,211,30,7,3,2021,Été,True,False,Fin,Milieu,210,154,20.780146785218676,57.012779235839844,Lune Gibbeuse Décroissante,400564.98509579286,151861863.59144354
2021-08-03,17,21,23,45,46,7,11,1,3,215,31,8,3,2021,Été,False,True,Début,Milieu,214,150,24.780146785378747,20.926776885986328,Dernier Quartier,403066.19694552495,151788603.75467017
2021-08-06,7,14,21,26,32,4,12,4,6,218,31,8,3,2021,Été,True,True,Début,Milieu,217,147,27.780146785131365,3.314279317855835,Dernier Croissant,394414.149533113,151725990.49105984
2021-08-10,9,37,47,48,49,2,7,1,10,222,32,8,3,2021,Été,True,True,Début,Milieu,221,143,2.2568777483684244,5.9955925941467285,Nouvelle Lune,379937.63273309416,151631401.8410487
2021-08-13,6,12,44,47,49,8,12,4,13,225,32,8,3,2021,Été,False,True,Milieu,Milieu,224,140,5.2568777479973505,30.10099220275879,Premier Croissant,372559.1796847743,151552328.297657
2021-08-17,12,31,41,42,47,4,6,1,17,229,33,8,3,2021,Été,False,True,Milieu,Milieu,228,136,9.256877748164698,74.30707550048828,Premier Quartier,369191.1643523458,151438015.84543765
2021-08-20,3,9,19,20,23,9,11,4,20,232,33,8,3,2021,Été,True,True,Milieu,Milieu,231,133,12.256877747953695,96.4144287109375,Lune Gibbeuse Croissante,373625.6691100208,151347600.22410345
2021-08-24,19,21,36,44,50,3,10,1,24,236,34,8,3,2021,Été,True,True,Fin,Milieu,235,129,16.256877748128318,93.74678802490234,Pleine Lune,389393.2654203309,151222712.5325446
2021-08-27,2,3,31,46,50,8,12,4,27,239,34,8,3,2021,Été,False,True,Fin,Milieu,238,126,19.25687774826656,72.71361541748047,Lune Gibbeuse Décroissante,400914.06106234365,151125894.70054787
2021-08-31,5,13,17,32,43,2,10,1,31,243,35,8,3,2021,Été,False,True,Fin,Milieu,242,122,23.256877748317493,35.782047271728516,Dernier Quartier,402184.8341179853,150991608.77773792
2021-09-03,5,7,13,29,35,3,7,4,3,246,35,9,3,2021,Automne,False,False,Début,Fin,245,119,26.25687774815742,11.521791458129883,Dernier Croissant,391450.3475904093,150886088.2192696
2021-09-07,7,19,35,42,43,7,9,1,7,250,36,9,3,2021,Automne,False,False,Début,Fin,249,115,0.7974086614922271,0.9758016467094421,Nouvelle Lune,374171.4355558285,150737874.36741388
2021-09-10,1,6,7,18,28,2,8,4,10,253,36,9,3,2021,Automne,True,False,Début,Fin,252,112,3.797408661877853,17.929176330566406,Premier Croissant,368598.72440871544,150620958.23063537
2021-09-14,12,18,35,38,45,2,8,1,14,257,37,9,3,2021,Automne,True,False,Milieu,Fin,256,108,7.797408661848749,61.093841552734375,Premier Quartier,372070.4663654095,150459066.1181163
2021-09-17,5,7,8,10,34,1,9,4,17,260,37,9,3,2021,Automne,False,False,Milieu,Fin,259,105,10.797408661615918,88.85400390625,Premier Quartier,379333.31542919704,150335159.26663107
2021-09-21,20,25,26,30,38,2,8,1,21,264,38,9,3,2021,Automne,False,False,Fin,Fin,263,101,14.797408661725058,99.13585662841797,Pleine Lune,393040.27681063936,150169201.12617034
2021-09-24,2,12,20,27,41,10,12,4,24,267,38,9,3,2021,Automne,True,False,Fin,Fin,266,98,17.79740866154316,86.11590576171875,Pleine Lune,402266.0251056155,150044812.77137625
2021-09-28,6,7,12,33,39,1,7,1,28,271,39,9,3,2021,Automne,True,False,Fin,Fin,270,94,21.79740866170323,52.50285720825195,Lune Gibbeuse Décroissante,402329.765778015,149878729.7967243
2021-10-01,1,15,19,26,48,6,12,4,1,274,39,10,4,2021,Automne,False,True,Début,Fin,273,91,24.79740866154316,24.292917251586914,Dernier Quartier,390254.28696225234,149753342.76840067
2021-10-05,11,13,14,36,45,7,9,1,5,278,40,10,4,2021,Automne,False,True,Début,Fin,277,87,28.79740866155771,0.6895436644554138,Dernier Croissant,369359.6069161294,149583826.85349098
2021-10-08,1,10,23,42,46,3,5,4,8,281,40,10,4,2021,Automne,True,True,Début,Fin,280,84,2.3712739409747883,7.824355602264404,Nouvelle Lune,363393.4103175971,149454400.54740953
2021-10-12,6,13,22,45,49,10,11,1,12,285,41,10,4,2021,Automne,True,True,Milieu,Fin,284,80,6.371273941011168,46.63782501220703,Premier Croissant,372440.3015892008,149279855.59794042
2021-10-15,21,26,31,34,49,2,5,4,15,288,41,10,4,2021,Automne,False,True,Milieu,Fin,287,77,9.371273941018444,77.79348754882812,Premier Quartier,383759.5652473318,149149403.8681456
2021-10-19,4,20,36,40,41,1,6,1,19,292,42,10,4,2021,Automne,False,True,Milieu,Fin,291,73,13.371273940945684,99.2967758178711,Lune Gibbeuse Croissante,397215.9178102415,148978951.696802
2021-10-22,12,17,22,33,39,2,12,4,22,295,42,10,4,2021,Automne,True,True,Fin,Fin,294,70,16.371273941193067,95.53451538085938,Pleine Lune,404162.22303208,148854786.26020646
2021-10-26,12,15,20,42,44,1,2,1,26,299,43,10,4,2021,Automne,True,True,Fin,Fin,298,66,20.37127394091658,69.02479553222656,Lune Gibbeuse Décroissante,403061.1812860574,148694409.99143752
2021-10-29,10,15,28,32,49,3,9,4,29,302,43,10,4,2021,Automne,False,True,Fin,Fin,301,63,23.371273941309482,40.21391296386719,Dernier Quartier,390867.6603179658,148577654.355762
2021-11-02,2,3,17,29,43,1,4,1,2,306,44,11,4,2021,Automne,True,False,Début,Fin,305,59,27.371273941229447,6.091531276702881,Dernier Croissant,367233.07179481356,148425401.22614846
2021-11-05,2,12,25,30,41,8,11,4,5,309,44,11,4,2021,Automne,False,False,Début,Fin,308,56,0.9482037493144162,1.3520032167434692,Nouvelle Lune,358851.90482461534,148312872.11951753
2021-11-09,17,25,26,33,36,1,8,1,9,313,45,11,4,2021,Automne,False,False,Début,Fin,312,52,4.948203749489039,31.60374641418457,Premier Croissant,370369.8094962406,148165202.18806627
2021-11-12,2,9,15,47,50,6,9,4,12,316,45,11,4,2021,Automne,True,False,Milieu,Fin,315,49,7.948203749532695,63.81328201293945,Premier Quartier,385734.6901484724,148057800.20000213
2021-11-16,9,19,21,32,36,3,4,1,16,320,46,11,4,2021,Automne,True,False,Milieu,Fin,319,45,11.948203749350796,94.16742706298828,Lune Gibbeuse Croissante,400640.8121142703,147921971.68325818
2021-11-19,22,26,38,47,50,2,6,4,19,323,46,11,4,2021,Automne,False,False,Milieu,Fin,322,42,14.948203749328968,99.81229400634766,Pleine Lune,405745.2557205422,147826963.94703373
2021-11-23,17,21,36,42,46,7,10,1,23,327,47,11,4,2021,Automne,False,False,Fin,Fin,326,38,18.94820374939445,83.28631591796875,Lune Gibbeuse Décroissante,403295.14090163534,147710136.97753465
2021-11-26,1,20,41,42,50,3,7,4,26,330,47,11,4,2021,Automne,True,False,Fin,Fin,329,35,21.94820374953997,57.10800552368164,Lune Gibbeuse Décroissante,392082.39034525177,147629779.42531928
2021-11-30,19,20,26,33,43,1,4,1,30,334,48,11,4,2021,Automne,True,False,Fin,Fin,333,31,25.948203749459935,16.948558807373047,Dernier Croissant,368342.4033113449,147531142.58082238
2021-12-03,21,22,29,32,46,9,10,4,3,337,48,12,4,2021,Hiver,False,True,Début,Fin,336,28,28.9482037495618,0.3696194291114807,Dernier Croissant,357141.84359394485,147462287.6076525
2021-12-07,22,31,38,46,47,7,11,1,7,341,49,12,4,2021,Hiver,False,True,Début,Fin,340,24,3.51179658727051,17.384077072143555,Nouvelle Lune,367282.42727721256,147376455.18448058
2021-12-10,11,21,33,38,42,2,8,4,10,344,49,12,4,2021,Hiver,True,True,Début,Fin,343,21,6.5117965876852395,47.68228530883789,Premier Croissant,385192.0236588633,147317462.1124148
2021-12-14,19,21,37,47,48,3,6,1,14,348,50,12,4,2021,Hiver,True,True,Milieu,Fin,347,17,10.511796587314166,84.04959869384766,Premier Quartier,402399.915348623,147248526.88869345
2021-12-17,1,2,15,30,35,2,7,4,17,351,50,12,4,2021,Hiver,False,True,Milieu,Fin,350,14,13.511796587546996,98.37432098388672,Lune Gibbeuse Croissante,406297.18724777875,147205548.2600119
2021-12-21,12,17,21,34,38,2,3,1,21,355,51,12,4,2021,Hiver,False,True,Fin,Fin,354,10,17.511796587481513,93.68809509277344,Pleine Lune,401985.9841186799,147160830.86938164
2021-12-24,2,26,28,34,41,5,10,4,24,358,51,12,4,2021,Hiver,True,True,Fin,Fin,357,7,20.511796587408753,72.82302856445312,Lune Gibbeuse Décroissante,392047.17623607366,147136773.53739348
2021-12-28,4,6,15,17,29,9,12,1,28,362,52,12,4,2021,Hiver,True,True,Fin,Fin,361,3,24.511796587561548,31.44599723815918,Dernier Quartier,371315.6792774873,147116309.64676607
2021-12-31,7,22,25,43,49,6,7,4,31,365,52,12,4,2021,Hiver,False,True,Fin,Fin,364,0,27.51179658769979,5.640953540802002,Dernier Croissant,359210.2458287936,147108168.67415482
2022-01-04,18,28,35,36,41,6,11,1,4,4,1,1,1,2022,Hiver,True,False,Début,Début,3,361,2.06007532615331,6.3098626136779785,Nouvelle Lune,365593.8915850901,147105101.3197427
2022-01-07,2,14,37,44,50,7,11,4,7,7,1,1,1,2022,Hiver,False,False,Début,Début,6,358,5.060075326320657,30.910526275634766,Premier Croissant,383462.73573356745,147108712.5945593
2022-01-11,4,23,32,33,44,9,12,1,11,11,2,1,1,2022,Hiver,False,False,Milieu,Début,10,354,9.060075326167862,69.68701171875,Premier Quartier,402453.4505472449,147123211.19419336
2022-01-14,6,17,25,31,46,9,12,4,14,14,2,1,1,2022,Hiver,True,False,Milieu,Début,13,351,12.060075326247897,91.18942260742188,Lune Gibbeuse Croissante,405717.9134102506,147142676.41129124
2022-01-18,3,12,19,24,30,2,5,1,18,18,3,1,1,2022,Hiver,True,False,Milieu,Début,17,347,16.060075326488004,99.16046905517578,Pleine Lune,398907.86693727935,147181205.59272963
2022-01-21,5,14,35,36,39,7,12,4,21,21,3,1,1,2022,Hiver,False,False,Fin,Début,20,344,19.060075326167862,85.80846405029297,Lune Gibbeuse Décroissante,389491.48875156953,147219734.77416798
2022-01-25,6,16,18,39,47,2,4,1,25,25,4,1,1,2022,Hiver,False,False,Fin,Début,24,340,23.06007532638614,47.20600891113281,Dernier Quartier,373636.6060341374,147283061.3760137
2022-01-28,10,25,29,34,45,9,10,4,28,28,4,1,1,2022,Hiver,True,False,Fin,Début,27,337,26.06007532637159,15.943560600280762,Dernier Croissant,363790.0305561836,147337961.669954
2022-02-01,1,19,36,38,49,6,9,1,1,32,5,2,1,2022,Hiver,False,True,Début,Début,31,333,0.5930568596158992,0.6831603050231934,Nouvelle Lune,367206.00813227013,147418461.88981643
2022-02-04,3,25,38,43,49,3,7,4,4,35,5,2,1,2022,Hiver,True,True,Début,Début,34,330,3.5930568595431396,15.943474769592285,Nouvelle Lune,382694.78253954306,147483562.92052263
2022-02-08,6,20,34,37,43,7,10,1,8,39,6,2,1,2022,Hiver,True,True,Début,Début,38,326,7.593056859477656,52.57252502441406,Premier Quartier,401689.5377455693,147577482.81593812
2022-02-11,13,18,38,42,45,7,11,4,11,42,6,2,1,2022,Hiver,False,True,Milieu,Début,41,323,10.593056859215721,78.89859008789062,Premier Quartier,404594.614675341,147654327.17734426
2022-02-15,9,20,31,33,44,2,12,1,15,46,7,2,1,2022,Hiver,False,True,Milieu,Début,45,319,14.593056859463104,99.0357666015625,Lune Gibbeuse Croissante,394914.70538177615,147766526.36504132
2022-02-18,25,38,41,43,50,6,10,4,18,49,7,2,1,2022,Hiver,True,True,Milieu,Début,48,316,17.593056859463104,95.01542663574219,Pleine Lune,384587.42770721804,147858350.82939038
2022-02-22,5,9,14,26,32,3,7,1,22,53,8,2,1,2022,Hiver,True,True,Fin,Début,52,312,21.593056859528588,62.481727600097656,Lune Gibbeuse Décroissante,373358.6897362818,147990461.07058242
2022-02-25,10,13,24,30,42,1,5,4,25,56,8,2,1,2022,Hiver,False,True,Fin,Début,55,309,24.593056859434,29.070266723632812,Dernier Quartier,368293.8141102535,148095295.0409992
2022-03-01,8,24,26,39,42,3,5,1,1,60,9,3,1,2022,Printemps,False,False,Début,Début,59,305,28.593056859266653,1.2385289669036865,Dernier Croissant,371989.17088487366,148239763.8671192
2022-03-04,6,20,40,42,43,10,12,4,4,63,9,3,1,2022,Printemps,True,False,Début,Début,62,302,2.100869046502339,5.328210353851318,Nouvelle Lune,384407.2819380102,148350268.87650722
2022-03-08,12,18,21,25,31,2,9,1,8,67,10,3,1,2022,Printemps,True,False,Début,Début,66,298,6.100869046480511,35.03044891357422,Premier Croissant,401348.3684088735,148500310.6575911
2022-03-11,12,19,22,23,48,2,6,4,11,70,10,3,1,2022,Printemps,False,False,Milieu,Début,69,295,9.100869046436856,63.03042984008789,Premier Quartier,403775.3554646803,148615532.61606058
2022-03-15,1,2,12,19,26,2,8,1,15,74,11,3,1,2022,Printemps,False,False,Milieu,Début,73,291,13.100869046706066,93.1601333618164,Lune Gibbeuse Croissante,391430.38944544486,148773920.45449838
2022-03-18,1,9,14,17,43,6,12,4,18,77,11,3,1,2022,Printemps,True,False,Milieu,Début,76,288,16.100869046509615,99.55461883544922,Pleine Lune,378827.22145653854,148896891.04954964
2022-03-22,7,17,21,29,40,8,11,1,22,81,12,3,1,2022,Printemps,True,False,Fin,Début,80,284,20.1008690463932,76.27667236328125,Lune Gibbeuse Décroissante,370148.73733901663,149066380.21427554
2022-03-25,6,10,24,27,29,5,12,4,25,84,12,3,1,2022,Printemps,False,False,Fin,Début,83,281,23.100869046334992,43.29887771606445,Dernier Quartier,370628.29011365963,149196395.02440116
2022-03-29,8,11,33,42,43,6,11,1,29,88,13,3,1,2022,Printemps,False,False,Fin,Début,87,277,27.10086904674972,6.9977898597717285,Dernier Croissant,378008.8330200909,149370574.38802466
2022-04-01,2,7,21,31,45,4,10,4,1,91,13,4,2,2022,Printemps,False,True,Début,Début,90,274,0.566403400793206,0.4180596172809601,Nouvelle Lune,388424.96449535456,149500063.11120167
2022-04-05,1,11,13,24,49,5,6,1,5,95,14,4,2,2022,Printemps,False,True,Début,Début,94,270,4.566403400975105,19.625478744506836,Premier Croissant,402153.660401156,149670274.53089088
2022-04-08,1,15,16,38,45,4,11,4,8,98,14,4,2,2022,Printemps,True,True,Début,Début,97,267,7.566403400844138,45.85898971557617,Premier Quartier,403755.2231648732,149796357.063994
2022-04-12,21,30,31,35,47,2,10,1,12,102,15,4,2,2022,Printemps,True,True,Milieu,Début,101,263,11.566403400938725,82.24958801269531,Lune Gibbeuse Croissante,389542.79476820584,149963367.37835193
2022-04-15,6,24,30,32,48,5,6,4,15,105,15,4,2,2022,Printemps,False,True,Milieu,Début,104,260,14.566403400633135,98.7387466430664,Lune Gibbeuse Croissante,374124.2744244466,150088629.57248434
2022-04-19,2,12,17,28,46,6,10,1,19,109,16,4,2,2022,Printemps,False,True,Milieu,Début,108,256,18.566403400654963,87.77879333496094,Lune Gibbeuse Décroissante,365166.89874195034,150256335.39162177
2022-04-22,6,11,21,35,36,1,9,4,22,112,16,4,2,2022,Printemps,True,True,Fin,Début,111,253,21.56640340062586,57.68796157836914,Lune Gibbeuse Décroissante,370163.1573599857,150381829.4206807
2022-04-26,4,25,28,34,45,8,11,1,26,116,17,4,2,2022,Printemps,True,True,Fin,Début,115,249,25.566403400705894,16.4993953704834,Dernier Quartier,383090.3230181053,150546022.0490089
2022-04-29,10,11,20,36,37,3,7,4,29,119,17,4,2,2022,Printemps,False,True,Fin,Début,118,246,28.56640340069862,1.0894008874893188,Dernier Croissant,393263.8219666285,150664864.19902292
2022-05-03,8,20,26,47,48,3,8,1,3,123,18,5,2,2022,Printemps,False,False,Début,Milieu,122,242,2.9805122012767242,8.247365951538086,Nouvelle Lune,403871.5237687759,150816198.90565842
2022-05-06,3,8,18,24,40,3,11,4,6,126,18,5,2,2022,Printemps,True,False,Début,Milieu,125,239,5.980512201706006,29.73259162902832,Premier Croissant,404338.99019734096,150924269.64831823
2022-05-10,3,25,27,28,29,4,9,1,10,130,19,5,2,2022,Printemps,True,False,Début,Milieu,129,235,9.98051220155321,67.95703887939453,Premier Quartier,389375.5016263835,151061854.7604668
2022-05-13,3,11,17,45,48,4,8,4,13,133,19,5,2,2022,Printemps,False,False,Milieu,Milieu,132,232,12.980512201531383,92.55487060546875,Lune Gibbeuse Croissante,371780.63787631853,151161187.10974324
2022-05-17,5,28,30,48,49,5,11,1,17,137,20,5,2,2022,Printemps,False,False,Milieu,Milieu,136,228,16.98051220158959,95.96546936035156,Pleine Lune,360328.3547493931,151289801.99358192
2022-05-20,8,22,23,32,50,3,9,4,20,140,20,5,2,2022,Printemps,True,False,Milieu,Milieu,139,225,19.98051220153866,71.5508804321289,Lune Gibbeuse Décroissante,367640.1761549259,151383284.96932825
2022-05-24,10,13,27,36,37,2,10,1,24,144,21,5,2,2022,Printemps,True,False,Fin,Milieu,143,221,23.980512201618694,28.6613826751709,Dernier Quartier,385999.23135441466,151501716.94985694
2022-05-27,15,23,28,34,48,3,5,4,27,147,21,5,2,2022,Printemps,False,False,Fin,Milieu,146,218,26.980512201742386,6.525646209716797,Dernier Croissant,397320.6893635627,151584000.5153078
2022-05-31,3,10,13,42,49,3,9,1,31,151,22,5,2,2022,Printemps,False,False,Fin,Milieu,150,214,1.3539934032742167,1.7267743349075317,Nouvelle Lune,405618.0530234914,151683243.69730482
2022-06-03,12,28,29,34,48,9,11,4,3,154,22,6,2,2022,Été,False,True,Début,Milieu,153,211,4.353993403092318,16.38002586364746,Premier Croissant,404784.58277767274,151749530.65282732
2022-06-07,6,16,17,25,31,2,6,1,7,158,23,6,2,2022,Été,False,True,Début,Milieu,157,207,8.353993403194181,52.34028625488281,Premier Quartier,390110.57438612095,151827552.02232182
2022-06-10,17,26,36,37,40,9,12,4,10,161,23,6,2,2022,Été,True,True,Début,Milieu,160,204,11.353993403085042,81.97883605957031,Lune Gibbeuse Croissante,371914.14497867227,151879286.87784263
2022-06-14,2,7,27,34,40,3,11,1,14,165,24,6,2,2022,Été,True,True,Milieu,Milieu,164,200,15.353993403492495,99.7512435913086,Pleine Lune,357451.90887574846,151941204.63667348
2022-06-17,19,21,22,31,38,7,11,4,17,168,24,6,2,2022,Été,False,True,Milieu,Milieu,167,197,18.353993403245113,83.94219207763672,Pleine Lune,364626.87940594915,151982899.25653133
2022-06-21,6,23,36,39,47,8,10,1,21,172,25,6,2,2022,Été,False,True,Fin,Milieu,171,193,22.353993403405184,42.75203323364258,Dernier Quartier,386680.420605845,152030853.41940463
2022-06-24,10,17,28,44,50,8,12,4,24,175,25,6,2,2022,Été,True,True,Fin,Milieu,174,190,25.353993403405184,15.929384231567383,Dernier Quartier,399699.6096828059,152059369.1153639
2022-06-28,10,35,42,47,48,2,11,1,28,179,26,6,2,2022,Été,True,True,Fin,Milieu,178,186,29.35399340314325,0.16552330553531647,Dernier Croissant,406519.54815083806,152085566.46205816
2022-07-01,6,18,24,34,46,3,12,4,1,182,26,7,3,2022,Été,False,False,Début,Milieu,181,183,2.7137285750359297,6.743679046630859,Nouvelle Lune,404254.4206057639,152095909.86647114
2022-07-05,7,10,25,45,48,3,6,1,5,186,27,7,3,2022,Été,False,False,Début,Milieu,185,179,6.713728574781271,37.160804748535156,Premier Croissant,390478.35458276933,152097532.71095663
2022-07-08,28,31,35,43,46,4,7,4,8,189,27,7,3,2022,Été,True,False,Début,Milieu,188,176,9.713728574919514,68.6556396484375,Premier Quartier,373561.19698728225,152090559.8297058
2022-07-12,14,18,24,25,50,6,11,1,12,193,28,7,3,2022,Été,True,False,Milieu,Milieu,192,172,13.713728574635752,98.52513122558594,Lune Gibbeuse Croissante,357552.53554381523,152072655.03999782
2022-07-15,9,17,29,38,39,7,10,4,15,196,28,7,3,2022,Été,False,False,Milieu,Milieu,195,169,16.713728574635752,93.53607177734375,Pleine Lune,362874.28956271044,152054019.07859856
2022-07-19,6,23,27,40,41,2,12,1,19,200,29,7,3,2022,Été,False,False,Milieu,Milieu,199,165,20.713728574555716,57.97229766845703,Lune Gibbeuse Décroissante,385975.68561969226,152021901.02455065
2022-07-22,16,18,29,32,50,4,11,4,22,203,29,7,3,2022,Été,True,False,Fin,Milieu,202,162,23.713728574810375,28.647851943969727,Dernier Quartier,400387.76512794103,151991031.31241465
2022-07-26,3,5,17,25,27,1,9,1,26,207,30,7,3,2022,Été,True,False,Fin,Milieu,206,158,27.713728574984998,3.4417948722839355,Dernier Croissant,406211.3637413348,151938957.62123203
2022-07-29,3,23,38,43,48,3,8,4,29,210,30,7,3,2022,Été,False,False,Fin,Milieu,209,155,1.0868191216504783,1.2960773706436157,Nouvelle Lune,402278.39009944163,151891110.45909405
2022-08-02,7,18,28,40,48,8,11,1,2,214,31,8,3,2022,Été,True,True,Début,Milieu,213,151,5.086819121548615,23.580402374267578,Premier Croissant,389317.47323282197,151815674.9407028
2022-08-05,3,29,33,35,44,8,10,4,5,217,31,8,3,2022,Été,False,True,Début,Milieu,216,148,8.086819121512235,54.21997833251953,Premier Quartier,375211.0354733741,151751135.66385692
2022-08-09,18,19,21,27,47,5,11,1,9,221,32,8,3,2022,Été,False,True,Début,Milieu,220,144,12.086819121825101,92.55253601074219,Lune Gibbeuse Croissante,360480.2874340963,151656957.18333113
2022-08-12,14,17,34,35,42,6,10,4,12,224,32,8,3,2022,Été,True,True,Milieu,Milieu,223,141,15.086819121570443,98.96134185791016,Pleine Lune,363673.24231872155,151581914.00096932
2022-08-16,10,14,25,32,39,7,8,1,16,228,33,8,3,2022,Été,True,True,Milieu,Milieu,227,137,19.086819121570443,73.0784683227539,Lune Gibbeuse Décroissante,385194.63598150265,151476785.77853045
2022-08-19,2,9,13,19,38,2,6,4,19,231,33,8,3,2022,Été,False,True,Milieu,Milieu,230,134,22.08681912191969,43.89813232421875,Lune Gibbeuse Décroissante,400053.59681591863,151393325.2049912
2022-08-23,19,26,31,39,48,2,3,1,23,235,34,8,3,2022,Été,False,True,Fin,Milieu,234,130,26.08681912165048,11.428783416748047,Dernier Croissant,404994.19554625213,151274233.3865948
2022-08-26,22,23,25,38,44,11,12,4,26,238,34,8,3,2022,Été,True,True,Fin,Milieu,237,127,29.086819121890585,0.4446133077144623,Dernier Croissant,399055.1322722002,151178342.89430407
2022-08-30,4,6,10,15,19,1,4,1,30,242,35,8,3,2022,Été,True,True,Fin,Milieu,241,123,3.4881396718192264,12.339986801147461,Nouvelle Lune,386008.949194633,151041453.28693497
2022-09-02,7,12,13,20,45,3,12,4,2,245,35,9,3,2022,Automne,True,False,Début,Fin,244,120,6.48813967157912,39.852638244628906,Premier Croissant,375393.68907231576,150932633.53912804
2022-09-06,7,10,22,29,44,4,5,1,6,249,36,9,3,2022,Automne,True,False,Début,Fin,248,116,10.488139672037505,82.82109069824219,Premier Quartier,365015.34919790097,150781691.168522
2022-09-09,17,23,24,26,27,4,9,4,9,252,36,9,3,2022,Automne,False,False,Début,Fin,251,113,13.488139672008401,99.3736801147461,Lune Gibbeuse Croissante,367322.72670779517,150666130.37439072
2022-09-13,9,12,15,40,47,1,11,1,13,256,37,9,3,2022,Automne,False,False,Milieu,Fin,255,109,17.4881396716155,86.29817199707031,Pleine Lune,385622.53442982404,150510586.97216648
2022-09-16,10,27,36,45,49,3,4,4,16,259,37,9,3,2022,Automne,True,False,Milieu,Fin,258,106,20.488139671600948,60.3991813659668,Lune Gibbeuse Décroissante,399684.14473278105,150392636.4949467
2022-09-20,11,21,23,32,48,3,12,1,20,263,38,9,3,2022,Automne,True,False,Milieu,Fin,262,102,24.488139671710087,23.810333251953125,Dernier Quartier,403663.26940796897,150232402.89382485
2022-09-23,14,15,22,35,48,3,8,4,23,266,38,9,3,2022,Automne,False,False,Fin,Fin,265,99,27.48813967183378,4.680584907531738,Dernier Croissant,395504.8116505153,150109227.2140309
2022-09-27,4,20,21,34,44,1,3,1,27,270,39,9,3,2022,Automne,False,False,Fin,Fin,269,95,1.9204733656806638,4.177214622497559,Nouvelle Lune,380793.60378457955,149940308.71989334
2022-09-30,1,2,11,16,26,3,12,4,30,273,39,9,3,2022,Automne,True,False,Fin,Fin,272,92,4.920473365666112,26.30875587463379,Premier Croissant,373165.20370612916,149810445.4941427
2022-10-04,3,18,28,42,43,3,12,1,4,277,40,10,4,2022,Automne,True,True,Début,Fin,276,88,8.920473365375074,70.48998260498047,Premier Quartier,369331.42866259324,149635124.7893426
2022-10-07,26,27,42,45,50,1,12,4,7,280,40,10,4,2022,Automne,False,True,Début,Fin,279,85,11.920473365498765,94.7857894897461,Lune Gibbeuse Croissante,372927.16886723385,149504120.2224154
2022-10-11,8,23,32,35,40,1,8,1,11,284,41,10,4,2022,Automne,False,True,Milieu,Fin,283,81,15.920473365680664,95.69866180419922,Pleine Lune,387980.3471821415,149332437.54261574
2022-10-14,24,28,29,34,48,3,7,4,14,287,41,10,4,2022,Automne,True,True,Milieu,Fin,286,78,18.920473365324142,76.2269515991211,Lune Gibbeuse Décroissante,400131.7226783187,149206283.6756891
2022-10-18,3,5,13,42,48,1,6,1,18,291,42,10,4,2022,Automne,True,True,Milieu,Fin,290,74,22.92047336538235,39.63653564453125,Dernier Quartier,403044.7758998825,149040815.95526516
2022-10-21,25,26,28,38,40,1,6,4,21,294,42,10,4,2022,Automne,False,True,Fin,Fin,293,71,25.920473365331418,14.265257835388184,Dernier Croissant,392937.4557915555,148918014.7780448
2022-10-25,7,24,34,39,46,1,6,1,25,298,43,10,4,2022,Automne,False,True,Fin,Fin,297,67,0.3828684371037525,0.1854112297296524,Nouvelle Lune,374944.85721191124,148754972.40762115
2022-10-28,14,16,21,28,35,1,11,4,28,301,43,10,4,2022,Automne,True,True,Fin,Fin,300,64,3.3828684371037525,14.308280944824219,Nouvelle Lune,368546.2341391493,148633053.98646706
2022-11-01,19,37,42,47,48,1,6,1,1,305,44,11,4,2022,Automne,False,False,Début,Fin,304,60,7.3828684367617825,56.459964752197266,Premier Quartier,371659.4957677909,148472463.71622753
2022-11-04,2,11,37,45,47,2,3,4,4,308,44,11,4,2022,Automne,True,False,Début,Fin,307,57,10.382868436885474,85.86067962646484,Premier Quartier,378696.25701488706,148355520.8292652
2022-11-08,3,5,32,33,50,1,8,1,8,312,45,11,4,2022,Automne,True,False,Début,Fin,311,53,14.38286843689275,99.85199737548828,Lune Gibbeuse Croissante,392011.96212689555,148206941.39156386
2022-11-11,2,19,24,25,44,2,10,4,11,315,45,11,4,2022,Automne,False,False,Milieu,Fin,314,50,17.382868437096477,89.15254211425781,Pleine Lune,401675.8840059078,148101777.5022132
2022-11-15,13,21,24,31,33,1,12,1,15,319,46,11,4,2022,Automne,False,False,Milieu,Fin,318,46,21.382868436776334,57.04090118408203,Lune Gibbeuse Décroissante,403405.3460860463,147969685.09447703
2022-11-18,13,16,19,35,41,1,11,4,18,322,46,11,4,2022,Automne,True,False,Milieu,Fin,321,43,24.38286843674723,28.5421085357666,Dernier Quartier,392264.66080353956,147876059.45108363
2022-11-22,21,22,24,29,42,3,11,1,22,326,47,11,4,2022,Automne,True,False,Fin,Fin,325,39,28.38286843681999,1.7061858177185059,Dernier Croissant,370493.52909643896,147757119.21706226
2022-11-25,19,21,35,37,39,2,6,4,25,329,47,11,4,2022,Automne,False,False,Fin,Fin,328,36,1.876942980750755,5.055708885192871,Nouvelle Lune,362864.9200321774,147671607.7960963
2022-11-29,15,20,24,35,38,8,12,1,29,333,48,11,4,2022,Automne,False,False,Fin,Fin,332,32,5.876942980794411,41.405662536621094,Premier Croissant,371048.0381153463,147563109.05049527
2022-12-02,12,21,35,39,45,6,11,4,2,336,48,12,4,2022,Hiver,True,True,Début,Fin,335,29,8.876942980416061,73.4425048828125,Premier Quartier,382707.7396598341,147487530.86445692
2022-12-06,12,20,25,26,27,8,12,1,6,340,49,12,4,2022,Hiver,True,True,Début,Fin,339,25,12.876942980568856,98.26721954345703,Lune Gibbeuse Croissante,396521.5276217405,147397213.3271301
2022-12-09,8,27,31,46,50,1,3,4,9,343,49,12,4,2022,Hiver,False,True,Début,Fin,342,22,15.876942980357853,97.33834838867188,Pleine Lune,403838.32985577226,147338309.42234373
2022-12-13,3,9,12,26,30,10,11,1,13,347,50,12,4,2022,Hiver,False,True,Milieu,Fin,346,18,19.876942980459717,73.58342742919922,Lune Gibbeuse Décroissante,404153.7591067286,147271665.79770353
2022-12-16,2,15,19,35,44,2,7,4,16,350,50,12,4,2022,Hiver,True,True,Milieu,Fin,349,15,22.87694298063434,45.56105041503906,Dernier Quartier,393173.4704342764,147230104.9287648
2022-12-20,1,11,17,20,27,4,5,1,20,354,51,12,4,2022,Hiver,True,True,Milieu,Fin,353,11,26.87694298043789,9.396321296691895,Dernier Croissant,369129.3742141836,147184353.19769323
2022-12-23,16,17,23,26,35,5,11,4,23,357,51,12,4,2022,Hiver,False,True,Fin,Fin,356,8,0.4049628419597866,0.38519248366355896,Nouvelle Lune,358525.78246632207,147156015.83629283
2022-12-27,19,31,33,34,43,3,5,1,27,361,52,12,4,2022,Hiver,False,True,Fin,Fin,360,4,4.404962841828819,26.27406883239746,Premier Croissant,368045.2951498324,147125654.37764955
2022-12-30,17,34,42,47,48,1,9,4,30,364,52,12,4,2022,Hiver,True,True,Fin,Fin,363,1,7.404962841937959,58.36191940307617,Premier Quartier,383871.5468111375,147109506.18334615
2023-01-03,20,21,29,45,46,3,10,1,3,3,1,1,1,2023,Hiver,False,False,Début,Début,2,362,11.404962841748784,91.26126861572266,Lune Gibbeuse Croissante,400001.90765862854,147099251.9462126
2023-01-06,16,31,35,44,45,4,12,4,6,6,1,1,1,2023,Hiver,True,False,Début,Début,5,359,14.404962841552333,99.83070373535156,Lune Gibbeuse Croissante,405665.9804361809,147101115.54235253
2023-01-10,11,13,34,40,42,3,10,1,10,10,2,1,1,2023,Hiver,True,False,Début,Début,9,355,18.40496284187975,87.06398010253906,Pleine Lune,404189.0428778437,147116693.0660676
2023-01-13,4,13,25,33,37,5,10,4,13,13,2,1,1,2023,Hiver,False,False,Milieu,Début,12,352,21.40496284195251,62.70956802368164,Lune Gibbeuse Décroissante,394132.6804764679,147137816.79456273
2023-01-17,18,21,30,46,50,2,6,1,17,17,3,1,1,2023,Hiver,False,False,Milieu,Début,16,348,25.404962841894303,22.15096664428711,Dernier Quartier,370792.10015862953,147176996.8971409
2023-01-20,3,6,13,40,42,7,11,4,20,20,3,1,1,2023,Hiver,True,False,Milieu,Début,19,345,28.40496284175606,1.835179090499878,Dernier Croissant,357661.5564752964,147212984.8111157
2023-01-24,11,27,41,43,47,7,11,1,24,24,4,1,1,2023,Hiver,True,False,Fin,Début,23,341,2.963041821756633,12.8548002243042,Nouvelle Lune,364772.47285438085,147268081.27307075
2023-01-27,8,9,15,19,31,10,12,4,27,27,4,1,1,2023,Hiver,False,False,Fin,Début,26,338,5.963041821945808,41.7445068359375,Premier Croissant,382640.3417357395,147315001.09550276
2023-01-31,7,12,19,33,43,3,7,1,31,31,5,1,1,2023,Hiver,False,False,Fin,Début,30,334,9.963041821909428,79.60446166992188,Premier Quartier,401535.0624001639,147386932.3398127
2023-02-03,2,14,17,32,45,3,10,4,3,34,5,2,1,2023,Hiver,False,True,Début,Début,33,331,12.963041821989464,96.5138168334961,Lune Gibbeuse Croissante,406374.059195312,147449010.5997465
2023-02-07,2,8,34,44,47,3,9,1,7,38,6,2,1,2023,Hiver,False,True,Début,Début,37,327,16.9630418218876,96.05243682861328,Pleine Lune,402679.36420909374,147543171.24681643
2023-02-10,3,13,25,36,47,3,8,4,10,41,6,2,1,2023,Hiver,True,True,Début,Début,40,324,19.963041821902152,77.8071517944336,Lune Gibbeuse Décroissante,393433.83192399575,147622102.12256104
2023-02-14,24,26,38,43,46,2,3,1,14,45,7,2,1,2023,Hiver,True,True,Milieu,Début,44,320,23.963041821931256,37.46670150756836,Dernier Quartier,373519.9222895809,147737011.99555254
2023-02-17,8,23,27,42,45,1,9,4,17,48,7,2,1,2023,Hiver,False,True,Milieu,Début,47,317,26.963041821931256,9.188043594360352,Dernier Croissant,360425.81179932423,147828631.37515894
2023-02-21,21,22,34,41,49,2,7,1,21,52,8,2,1,2023,Hiver,False,True,Fin,Début,51,313,1.5376415041537257,3.5604734420776367,Nouvelle Lune,363795.9866518013,147955471.83013713
2023-02-24,7,23,34,42,48,1,3,4,24,55,8,2,1,2023,Hiver,True,True,Fin,Début,54,310,4.53764150380448,25.46609115600586,Premier Croissant,380887.4384137841,148053591.5044134
2023-02-28,12,29,33,37,47,5,10,1,28,59,9,2,1,2023,Hiver,True,True,Fin,Début,58,306,8.537641504102794,64.44779205322266,Premier Quartier,401346.76618432143,148189535.93862063
2023-03-03,3,6,8,24,50,10,11,4,3,62,9,3,1,2023,Printemps,False,False,Début,Début,61,303,11.537641503942723,87.84945678710938,Lune Gibbeuse Croissante,405885.206552073,148296349.42264056
2023-03-07,11,13,24,35,50,6,11,1,7,66,10,3,1,2023,Printemps,False,False,Début,Début,65,299,15.537641504080966,99.81413269042969,Pleine Lune,399644.9598931912,148446052.36806265
2023-03-10,9,16,37,38,48,2,7,4,10,69,10,3,1,2023,Printemps,True,False,Début,Début,68,296,18.53764150411007,89.53402709960938,Lune Gibbeuse Décroissante,390315.10183329583,148563806.6772677
2023-03-14,16,26,28,31,46,11,12,1,14,73,11,3,1,2023,Printemps,True,False,Milieu,Début,72,292,22.537641504175554,52.99323272705078,Dernier Quartier,374930.4371909422,148727009.54879433
2023-03-17,5,15,26,37,49,8,11,4,17,76,11,3,1,2023,Printemps,False,False,Milieu,Début,75,289,25.537641503848135,20.50704574584961,Dernier Quartier,364878.4983225689,148852334.16002235
2023-03-21,1,9,20,29,32,2,3,1,21,80,12,3,1,2023,Printemps,False,False,Fin,Début,79,285,0.10896177157701459,0.07426921278238297,Nouvelle Lune,366325.79472669185,149020307.48099804
2023-03-24,5,12,25,36,46,6,10,4,24,83,12,3,1,2023,Printemps,True,False,Fin,Début,82,282,3.108961771686154,11.979835510253906,Nouvelle Lune,380739.05848787044,149145783.67660108
2023-03-28,16,21,34,36,44,9,10,1,28,87,13,3,1,2023,Printemps,True,False,Fin,Début,86,278,7.108961771686154,47.50001525878906,Premier Croissant,400588.8791402005,149312722.65713546
2023-03-31,16,18,28,34,47,5,10,4,31,90,13,3,1,2023,Printemps,False,False,Fin,Début,89,275,10.108961771598842,74.82608795166016,Premier Quartier,404840.9392847451,149438510.93821648
2023-04-04,10,16,31,33,50,3,8,1,4,94,14,4,2,2023,Printemps,True,True,Début,Début,93,271,14.108961771366012,98.06620025634766,Lune Gibbeuse Croissante,395950.68287859525,149608053.60331002
2023-04-07,5,26,28,36,46,6,12,4,7,97,14,4,2,2023,Printemps,False,True,Début,Début,96,268,17.108961771526083,97.11888122558594,Pleine Lune,385301.53222390387,149736953.82244286
2023-04-11,10,14,16,19,29,2,10,1,11,101,15,4,2,2023,Printemps,False,True,Milieu,Début,100,264,21.108961771416944,67.37540435791016,Lune Gibbeuse Décroissante,373701.98376205756,149910562.51547804
2023-04-14,4,11,37,44,49,6,7,4,14,104,15,4,2,2023,Printemps,True,True,Milieu,Début,103,261,24.108961771562463,33.694236755371094,Dernier Quartier,368592.7683130978,150040639.74269927
2023-04-18,17,21,23,35,37,10,11,1,18,108,16,4,2,2023,Printemps,True,True,Milieu,Début,107,257,28.108961771329632,2.3301398754119873,Dernier Croissant,371499.2384816105,150210806.57874876
2023-04-21,7,8,18,33,42,2,8,4,21,111,16,4,2,2023,Printemps,False,True,Fin,Début,110,254,1.6579928348292015,3.28497052192688,Nouvelle Lune,383167.4387824182,150334410.26148394
2023-04-25,10,29,30,40,45,1,12,1,25,115,17,4,2,2023,Printemps,False,True,Fin,Début,114,250,5.6579928348292015,30.949661254882812,Premier Croissant,400503.2646195677,150493502.52142918
2023-04-28,11,13,16,23,34,1,10,4,28,118,17,4,2,2023,Printemps,True,True,Fin,Début,117,247,8.657992834552715,59.03132247924805,Premier Quartier,404100.7812036031,150609134.649384
2023-05-02,7,32,44,47,48,7,8,1,2,122,18,5,2,2023,Printemps,True,False,Début,Milieu,121,243,12.657992834727338,90.99433135986328,Lune Gibbeuse Croissante,392794.9622993225,150759613.35013703
2023-05-05,3,8,18,34,49,3,7,4,5,125,18,5,2,2023,Printemps,False,False,Début,Milieu,124,240,15.657992834530887,99.97838592529297,Pleine Lune,379803.8121520237,150870430.44500303
2023-05-09,13,17,21,28,46,7,9,1,9,129,19,5,2,2023,Printemps,False,False,Début,Milieu,128,236,19.657992834836477,79.95360565185547,Lune Gibbeuse Décroissante,369953.788408186,151015683.94318193
2023-05-12,9,10,13,39,44,4,6,4,12,132,19,5,2,2023,Printemps,True,False,Milieu,Milieu,131,233,22.65799283490196,47.48176193237305,Dernier Quartier,370072.56201085396,151121721.67187092
2023-05-16,4,6,9,14,37,4,11,1,16,136,20,5,2,2023,Printemps,True,False,Milieu,Milieu,135,229,26.65799283477827,9.09640884399414,Dernier Croissant,377342.0986205982,151256399.93071035
2023-05-19,18,27,34,41,49,3,9,4,19,139,20,5,2,2023,Printemps,False,False,Milieu,Milieu,138,226,0.1713660399982473,0.07466746866703033,Nouvelle Lune,387576.3079472593,151350667.5785156
2023-05-23,5,6,14,23,34,2,11,1,23,143,21,5,2,2023,Printemps,False,False,Fin,Milieu,142,222,4.171366040092835,16.900232315063477,Premier Croissant,401623.149919562,151466460.20757335
2023-05-26,15,25,37,38,41,1,7,4,26,146,21,5,2,2023,Printemps,True,False,Fin,Milieu,145,219,7.171366040347493,42.47418975830078,Premier Croissant,404140.0705360985,151546247.0892004
2023-05-30,27,29,32,33,47,2,8,1,30,150,22,5,2,2023,Printemps,True,False,Fin,Milieu,149,215,11.17136604013649,79.44501495361328,Lune Gibbeuse Croissante,391058.4991945106,151644402.43038845
2023-06-02,3,12,15,25,43,10,11,4,2,153,22,6,2,2023,Été,True,True,Début,Milieu,152,212,14.171366040201974,97.7314224243164,Lune Gibbeuse Croissante,375416.7123425103,151712936.40135244
2023-06-06,13,21,32,39,50,2,10,1,6,157,23,6,2,2023,Été,True,True,Début,Milieu,156,208,18.171366040231078,90.15079498291016,Pleine Lune,364871.532128864,151798554.82305372
2023-06-09,18,26,36,41,50,11,12,4,9,160,23,6,2,2023,Été,False,True,Début,Milieu,159,205,21.171366040092835,61.26853942871094,Lune Gibbeuse Décroissante,369080.1232246902,151858065.06534013
2023-06-13,15,16,21,41,50,5,6,1,13,164,24,6,2,2023,Été,False,True,Milieu,Milieu,163,201,25.17136604036932,19.117992401123047,Dernier Quartier,382074.51265206176,151928792.5513779
2023-06-16,7,26,34,41,44,9,11,4,16,167,24,6,2,2023,Été,True,True,Milieu,Milieu,166,198,28.171366040151042,1.955611228942871,Dernier Croissant,392505.6214437909,151973608.02601552
2023-06-20,11,17,28,32,35,5,6,1,20,171,25,6,2,2023,Été,True,True,Milieu,Milieu,170,194,2.640903823332337,6.775402069091797,Nouvelle Lune,403576.4706344064,152021205.51977116
2023-06-23,1,3,11,33,46,10,11,4,23,174,25,6,2,2023,Été,False,True,Fin,Milieu,173,191,5.640903823572444,27.10553550720215,Premier Croissant,404762.6392675024,152047902.20323017
2023-06-27,17,22,23,27,44,1,7,1,27,178,26,6,2,2023,Été,False,True,Fin,Milieu,177,187,9.640903823492408,64.9231185913086,Premier Quartier,390867.1030224694,152072601.53963014
2023-06-30,1,6,25,29,36,7,10,4,30,181,26,6,2,2023,Été,True,True,Fin,Milieu,180,184,12.640903823485132,90.51058959960938,Lune Gibbeuse Croissante,373247.54411572067,152084175.45249915
2023-07-04,14,17,23,36,44,2,8,1,4,185,27,7,3,2023,Été,True,False,Début,Milieu,184,180,16.64090382363065,97.11753845214844,Pleine Lune,360157.47401781275,152092200.50764716
2023-07-07,2,11,12,19,38,4,8,4,7,188,27,7,3,2023,Été,False,False,Début,Milieu,187,177,19.640903823557892,74.53933715820312,Lune Gibbeuse Décroissante,366367.80087473214,152092967.3462502
2023-07-11,2,11,28,42,48,4,9,1,11,192,28,7,3,2023,Été,False,False,Milieu,Milieu,191,173,23.640903823499684,31.584291458129883,Dernier Quartier,384738.2458009284,152085334.62713164
2023-07-14,5,8,29,35,48,5,6,4,14,195,28,7,3,2023,Été,True,False,Milieu,Milieu,194,170,26.6409038234342,8.212339401245117,Dernier Croissant,396554.58221087005,152071478.03190944
2023-07-18,4,12,34,35,45,1,9,1,18,199,29,7,3,2023,Été,True,False,Milieu,Milieu,198,166,1.0612706777246785,1.2248811721801758,Nouvelle Lune,405474.3056163915,152040768.8208764
2023-07-21,7,31,33,35,36,7,10,4,21,202,29,7,3,2023,Été,False,False,Fin,Milieu,201,163,4.061270677535504,14.403876304626465,Premier Croissant,405243.20214023255,152008525.9326373
2023-07-25,5,7,11,27,37,6,12,1,25,206,30,7,3,2023,Été,False,False,Fin,Milieu,205,159,8.061270677724679,49.23613357543945,Premier Quartier,391533.94191486767,151954116.05873382
2023-07-28,7,32,33,34,38,6,9,4,28,209,30,7,3,2023,Été,True,False,Fin,Milieu,208,156,11.061270677455468,79.20120239257812,Premier Quartier,373463.53095154004,151906001.39475757
2023-08-01,25,27,35,40,45,7,11,1,1,213,31,8,3,2023,Été,False,True,Début,Milieu,212,152,15.061270677571883,99.81192779541016,Pleine Lune,357475.2804556283,151834542.73702854
2023-08-04,15,20,31,44,48,1,3,4,4,216,31,8,3,2023,Été,True,True,Début,Milieu,215,149,18.061270677404536,86.38239288330078,Pleine Lune,363333.6752065779,151776477.00466874
2023-08-08,8,9,33,35,40,3,6,1,8,220,32,8,3,2023,Été,True,True,Début,Milieu,219,145,22.061270677375433,45.935447692871094,Lune Gibbeuse Décroissante,385267.8158463723,151692374.42671764
2023-08-11,4,6,10,13,34,3,5,4,11,223,32,8,3,2023,Été,False,True,Milieu,Milieu,222,142,25.061270677455468,18.27178382873535,Dernier Quartier,398915.49491938617,151622895.28259182
2023-08-15,3,5,9,32,43,6,10,1,15,227,33,8,3,2023,Été,False,True,Milieu,Milieu,226,138,29.061270677637367,0.4651339054107666,Dernier Croissant,406485.727280401,151520192.4101532
2023-08-18,23,25,30,44,47,9,12,4,18,230,33,8,3,2023,Été,True,True,Milieu,Milieu,229,135,2.431863682169933,5.328629493713379,Nouvelle Lune,404743.9350374048,151435447.8277903
2023-08-22,2,9,23,32,40,6,7,1,22,234,34,8,3,2023,Été,True,True,Fin,Milieu,233,131,6.431863682126277,34.02391815185547,Premier Croissant,391842.89260567847,151312753.65130523
2023-08-25,16,17,34,35,44,5,10,4,25,237,34,8,3,2023,Été,False,True,Fin,Milieu,236,128,9.43186368244642,65.28390502929688,Premier Quartier,375192.4705671507,151214633.97702894
2023-08-29,21,23,32,40,49,8,11,1,29,241,35,8,3,2023,Été,False,True,Fin,Milieu,240,124,13.431863682482799,97.49504089355469,Lune Gibbeuse Croissante,357848.6684382091,151078350.70715994
2023-09-01,4,5,35,37,43,5,6,4,1,244,35,9,3,2023,Automne,False,False,Début,Fin,243,121,16.43186368237366,95.33052062988281,Pleine Lune,361651.2697649157,150973668.32111818
2023-09-05,1,7,24,41,48,10,12,1,5,248,36,9,3,2023,Automne,False,False,Début,Fin,247,117,20.431863682235416,61.403160095214844,Lune Gibbeuse Décroissante,384390.52824215003,150831125.5082337
2023-09-08,10,20,21,26,33,3,4,4,8,251,36,9,3,2023,Automne,True,False,Début,Fin,250,114,23.431863682439143,31.65849494934082,Dernier Quartier,399534.47606103204,150721003.91814718
2023-09-12,5,14,36,40,42,2,11,1,12,255,37,9,3,2023,Automne,True,False,Milieu,Fin,254,110,27.43186368233728,4.62626838684082,Dernier Croissant,406278.0302150904,150568313.86886448
2023-09-15,12,14,21,45,48,8,11,4,15,258,37,9,3,2023,Automne,False,False,Milieu,Fin,257,107,0.764063911534322,0.5732956528663635,Nouvelle Lune,402792.77384260896,150449008.04899746
2023-09-19,10,15,31,41,42,2,5,1,19,262,38,9,3,2023,Automne,False,False,Milieu,Fin,261,103,4.764063911476114,20.51918601989746,Premier Croissant,390542.4435648541,150283905.91441914
2023-09-22,3,23,24,34,35,5,8,4,22,265,38,9,3,2023,Automne,True,False,Fin,Fin,264,100,7.764063911366975,50.34303283691406,Premier Quartier,376827.33173677715,150156503.7055806
2023-09-26,2,6,14,19,23,5,7,1,26,269,39,9,3,2023,Automne,True,False,Fin,Fin,268,96,11.764063911541598,90.29161834716797,Lune Gibbeuse Croissante,361122.8491414331,149984517.8570309
2023-09-29,9,11,13,21,32,2,7,4,29,272,39,9,3,2023,Automne,False,False,Fin,Fin,271,93,14.764063911679841,99.73662567138672,Lune Gibbeuse Croissante,362692.01910442265,149855938.64010397
2023-10-03,6,20,22,24,45,4,5,1,3,276,40,10,4,2023,Automne,False,True,Début,Fin,275,89,18.764063911767153,76.57415008544922,Lune Gibbeuse Décroissante,383436.89115492237,149686324.6411869
2023-10-06,21,29,31,34,43,2,9,4,6,279,40,10,4,2023,Automne,True,True,Début,Fin,278,86,21.764063911730773,47.60199737548828,Lune Gibbeuse Décroissante,399053.9828502389,149559992.4397014
2023-10-10,18,20,22,33,43,3,9,1,10,283,41,10,4,2023,Automne,True,True,Début,Fin,282,82,25.764063911687117,13.778133392333984,Dernier Quartier,405188.1692099641,149391279.0303065
2023-10-13,21,26,28,40,41,2,4,4,13,286,41,10,4,2023,Automne,False,True,Milieu,Fin,285,79,28.764063911658013,0.8250608444213867,Dernier Croissant,399657.8125205767,149263930.3218356
2023-10-17,10,17,20,35,40,3,4,1,17,290,42,10,4,2023,Automne,False,True,Milieu,Fin,289,75,3.086730042778072,9.663678169250488,Nouvelle Lune,386936.35856256174,149092916.3966316
2023-10-20,2,20,28,40,45,1,5,4,20,293,42,10,4,2023,Automne,True,True,Milieu,Fin,292,72,6.086730042574345,35.63850021362305,Premier Croissant,376660.1430878604,148964346.0964326
2023-10-24,8,16,18,31,34,6,9,1,24,297,43,10,4,2023,Automne,True,True,Fin,Fin,296,68,10.086730042450654,79.23492431640625,Premier Quartier,365842.8981790705,148794883.68189055
2023-10-27,29,33,35,48,49,3,8,4,27,300,43,10,4,2023,Automne,False,True,Fin,Fin,299,65,13.08673004269076,98.60920715332031,Lune Gibbeuse Croissante,366765.8491830282,148671360.24970686
2023-10-31,5,7,20,40,50,2,10,1,31,304,44,10,4,2023,Automne,False,True,Fin,Fin,303,61,17.086730042719864,89.32860565185547,Pleine Lune,383889.55442186457,148513409.33093825
2023-11-03,8,21,31,39,47,5,9,4,3,307,44,11,4,2023,Automne,False,False,Début,Fin,306,58,20.08673004285083,64.5826644897461,Lune Gibbeuse Décroissante,398552.4517344571,148400006.38496897
2023-11-07,8,10,11,30,39,4,10,1,7,311,45,11,4,2023,Automne,False,False,Début,Fin,310,54,24.086730042596173,27.546674728393555,Dernier Quartier,404040.59328999306,148254378.38421652
2023-11-10,10,21,30,38,42,2,12,4,10,314,45,11,4,2023,Automne,True,False,Début,Fin,313,51,27.086730042487034,6.7069501876831055,Dernier Croissant,396401.46527323715,148148536.82354227
2023-11-14,13,16,36,44,50,3,5,1,14,318,46,11,4,2023,Automne,True,False,Milieu,Fin,317,47,1.4393249618224218,2.452589988708496,Nouvelle Lune,381433.48350734,148011147.8794084
2023-11-17,2,24,26,46,50,2,7,4,17,321,46,11,4,2023,Automne,False,False,Milieu,Fin,320,44,4.439324961589591,22.07843017578125,Premier Croissant,373687.6682339941,147911030.85807306
2023-11-21,19,29,34,46,47,2,3,1,21,325,47,11,4,2023,Automne,False,False,Fin,Fin,324,40,8.439324961873353,65.68544006347656,Premier Quartier,369818.88806709123,147783200.64629328
2023-11-24,15,20,29,39,48,1,7,4,24,328,47,11,4,2023,Automne,True,False,Fin,Fin,327,37,11.439324961531383,92.17780303955078,Lune Gibbeuse Croissante,372693.0002658448,147693551.8635621
2023-11-28,12,16,27,33,44,7,8,1,28,332,48,11,4,2023,Automne,True,False,Fin,Fin,331,33,15.43932496153866,97.48333740234375,Pleine Lune,386597.59256269416,147584660.7819316
2023-12-01,4,10,14,38,50,9,12,4,1,335,48,12,4,2023,Hiver,False,True,Début,Fin,334,30,18.43932496161142,80.27290344238281,Pleine Lune,399035.45277498395,147511347.44479063
2023-12-05,4,6,20,24,25,5,9,1,5,339,49,12,4,2023,Hiver,False,True,Début,Fin,338,26,22.439324961786042,44.57161331176758,Dernier Quartier,403612.52068682906,147423918.92731708
2023-12-08,17,30,42,48,50,4,8,4,8,342,49,12,4,2023,Hiver,True,True,Début,Fin,341,23,25.43932496166235,18.212799072265625,Dernier Quartier,394360.44017964846,147365157.6901778
2023-12-12,6,28,37,39,43,9,12,1,12,346,50,12,4,2023,Hiver,True,True,Milieu,Fin,345,19,29.439324961851526,0.16090433299541473,Dernier Croissant,375712.9497298097,147294501.53796357
2023-12-15,2,13,37,38,48,5,9,4,15,349,50,12,4,2023,Hiver,False,True,Milieu,Fin,348,16,2.8527778212665,10.618363380432129,Nouvelle Lune,368325.7541083903,147246752.45983294
2023-12-19,10,20,41,43,45,2,12,1,19,353,51,12,4,2023,Hiver,False,True,Milieu,Fin,352,12,6.852777821419295,50.757259368896484,Premier Croissant,371193.0394373131,147190915.9094587
2023-12-22,6,14,34,44,49,4,12,4,22,356,51,12,4,2023,Hiver,True,True,Fin,Fin,355,9,9.852777821171912,81.54249572753906,Premier Quartier,378278.8426880915,147156568.67342523
2023-12-26,8,27,30,35,47,9,10,1,26,360,52,12,4,2023,Hiver,True,True,Fin,Fin,359,5,13.852777821135533,99.79277038574219,Lune Gibbeuse Croissante,391103.88394649775,147123202.27746543
2023-12-29,2,3,19,36,37,6,9,4,29,363,52,12,4,2023,Hiver,False,True,Fin,Fin,362,2,16.8527778210846,92.21013641357422,Pleine Lune,400821.3410241319,147108088.42360336
2024-01-02,7,15,18,46,49,10,12,1,2,2,1,1,1,2024,Hiver,True,False,Début,Début,1,364,20.852777821150084,62.4376335144043,Lune Gibbeuse Décroissante,404042.19551454514,147100651.87249953
2024-01-05,4,7,18,39,50,3,8,4,5,5,1,1,1,2024,Hiver,False,False,Début,Début,4,361,23.85277782130288,34.000545501708984,Dernier Quartier,394162.11264487094,147103692.4767278
2024-01-09,2,9,12,39,40,1,3,1,9,9,2,1,1,2024,Hiver,False,False,Début,Début,8,357,27.852777821433847,3.9167544841766357,Dernier Croissant,371991.3304049222,147117361.82066327
2024-01-12,16,17,18,45,49,9,12,4,12,12,2,1,1,2024,Hiver,True,False,Milieu,Début,11,354,1.335163968578854,2.728034257888794,Nouvelle Lune,362552.0682728919,147133617.01570195
2024-01-16,10,18,21,33,45,8,12,1,16,16,3,1,1,2024,Hiver,True,False,Milieu,Début,15,350,5.335163968527922,35.356727600097656,Premier Croissant,369467.6525804919,147163015.46772748
2024-01-19,27,28,44,48,50,7,12,4,19,19,3,1,1,2024,Hiver,False,False,Milieu,Début,18,347,8.33516396889172,67.90862274169922,Premier Quartier,381533.1697392567,147192012.66699558
2024-01-23,14,23,39,48,50,3,12,1,23,23,4,1,1,2024,Hiver,False,False,Fin,Début,22,343,12.335163968782581,96.3038101196289,Lune Gibbeuse Croissante,395822.4700834572,147242106.84457505
2024-01-26,8,19,32,41,42,9,12,4,26,26,4,1,1,2024,Hiver,True,False,Fin,Début,25,340,15.33516396873165,98.76023864746094,Pleine Lune,403280.7208806663,147288999.9168232
2024-01-30,5,10,19,27,30,5,6,1,30,30,5,1,1,2024,Hiver,True,False,Fin,Début,29,336,19.335163968578854,78.4458236694336,Lune Gibbeuse Décroissante,404683.363983141,147363695.34679526
2024-02-02,13,20,23,27,42,5,9,4,2,33,5,2,1,2024,Hiver,True,True,Début,Début,32,333,22.335163968578854,51.50168228149414,Dernier Quartier,395107.9475951491,147428038.45562637
2024-02-06,2,7,21,28,45,5,11,1,6,37,6,2,1,2024,Hiver,True,True,Début,Début,36,329,26.335163968527922,13.586895942687988,Dernier Croissant,371473.1500861857,147522867.85729197
2024-02-09,23,24,35,37,45,9,12,4,9,40,6,2,1,2024,Hiver,False,True,Début,Début,39,326,29.335163968520646,0.16750667989253998,Dernier Croissant,358957.9651237719,147599043.46410245
2024-02-13,13,17,18,20,46,4,9,1,13,44,7,2,1,2024,Hiver,False,True,Milieu,Début,43,322,3.8756060002633603,20.74101448059082,Premier Croissant,365922.38244924304,147705946.1154018
2024-02-16,8,13,14,24,26,1,2,4,16,47,7,2,1,2024,Hiver,True,True,Milieu,Début,46,319,6.875606000154221,52.34117889404297,Premier Croissant,381818.7140192191,147790592.61375737
2024-02-20,23,31,37,42,48,3,7,1,20,51,8,2,1,2024,Hiver,True,True,Milieu,Début,50,315,10.8756060001906,87.8267822265625,Premier Quartier,399100.621517093,147911280.52645543
2024-02-23,24,27,28,30,49,1,12,4,23,54,8,2,1,2024,Hiver,False,True,Fin,Début,53,312,13.875606000219705,99.46214294433594,Lune Gibbeuse Croissante,405286.18355539156,148008517.44466543
2024-02-27,3,4,9,12,20,5,6,1,27,58,9,2,1,2024,Hiver,False,True,Fin,Début,57,308,17.875606000350672,90.59053039550781,Pleine Lune,404561.4555933059,148147145.81398326
2024-03-01,4,7,19,20,34,2,4,4,1,61,9,3,1,2024,Printemps,False,False,Début,Début,60,305,20.87560600059078,68.0487289428711,Lune Gibbeuse Décroissante,395645.35460851097,148257258.48734185
2024-03-05,2,15,17,23,36,3,8,1,5,65,10,3,1,2024,Printemps,False,False,Début,Début,64,301,24.87560600051802,27.289836883544922,Dernier Quartier,373351.4448948287,148410349.78938195
2024-03-08,8,11,12,16,44,4,7,4,8,68,10,3,1,2024,Printemps,True,False,Début,Début,67,298,27.875606000110565,3.748023271560669,Dernier Croissant,358994.4679787854,148527916.84730023
2024-03-12,13,19,30,38,46,4,12,1,12,72,11,3,1,2024,Printemps,True,False,Milieu,Début,71,294,2.4580666436231695,8.855295181274414,Nouvelle Lune,362996.1282906086,148686001.516988
2024-03-15,1,4,31,34,40,4,5,4,15,75,11,3,1,2024,Printemps,False,False,Milieu,Début,74,291,5.4580666439724155,36.13780975341797,Premier Croissant,380190.5403955493,148805343.0037668
2024-03-19,7,16,18,20,32,1,3,1,19,79,12,3,1,2024,Printemps,False,False,Milieu,Début,78,287,9.458066643521306,75.38320922851562,Premier Quartier,400273.5892131183,148966923.0308079
2024-03-22,8,11,23,32,44,9,10,4,22,82,12,3,1,2024,Printemps,True,False,Fin,Début,81,284,12.458066643557686,94.64799499511719,Lune Gibbeuse Croissante,406044.3840782292,149090892.2993887
2024-03-26,2,13,14,26,29,5,6,1,26,86,13,3,1,2024,Printemps,True,False,Fin,Début,85,280,16.45806664363772,97.8680191040039,Pleine Lune,403035.8243409717,149260327.96374694
2024-03-29,16,17,35,36,49,1,10,4,29,89,13,3,1,2024,Printemps,False,False,Fin,Début,88,277,19.458066643615894,81.8500747680664,Lune Gibbeuse Décroissante,394441.2480266249,149390209.02295342
2024-04-02,1,23,31,36,48,5,8,1,2,93,14,4,2,2024,Printemps,True,True,Début,Début,92,273,23.458066643506754,42.485408782958984,Dernier Quartier,375520.5434596813,149565601.06157705
2024-04-05,13,18,26,35,37,8,11,4,5,96,14,4,2,2024,Printemps,False,True,Début,Début,95,270,26.458066643528582,12.453024864196777,Dernier Croissant,361990.5582293112,149696935.54743814
2024-04-09,19,23,26,27,46,2,10,1,9,100,15,4,2,2024,Printemps,False,True,Début,Début,99,266,1.0688829049177002,1.7033480405807495,Nouvelle Lune,362792.5412795839,149868885.7290761
2024-04-12,2,3,12,16,45,2,11,4,12,103,15,4,2,2024,Printemps,True,True,Milieu,Début,102,263,4.068882904961356,21.140872955322266,Premier Croissant,378697.92890137626,149994682.92688504
2024-04-16,22,29,31,39,46,3,7,1,16,107,16,4,2,2024,Printemps,True,True,Milieu,Début,106,259,8.068882904641214,60.17422103881836,Premier Quartier,399915.24820894,150159018.2228603
2024-04-19,10,20,40,44,46,1,3,4,19,110,16,4,2,2024,Printemps,False,True,Milieu,Début,109,256,11.0688829049177,85.03094482421875,Premier Quartier,405591.05902288505,150280731.55927172
2024-04-23,6,9,11,32,49,2,10,1,23,114,17,4,2,2024,Printemps,False,True,Fin,Début,113,252,15.06888290499046,99.95838928222656,Pleine Lune,400191.17914158973,150441874.66664368
2024-04-26,2,20,39,40,47,4,8,4,26,117,17,4,2,2024,Printemps,True,True,Fin,Début,116,249,18.068882904924976,92.02774810791016,Pleine Lune,391085.91116673924,150561947.3251137
2024-04-30,13,22,24,33,47,1,5,1,30,121,18,4,2,2024,Printemps,True,True,Fin,Début,120,245,22.06888290486677,57.309654235839844,Lune Gibbeuse Décroissante,376088.6713872817,150720130.07880884
2024-05-03,6,9,10,30,49,3,4,4,3,124,18,5,2,2024,Printemps,False,False,Début,Milieu,123,242,25.0688829049177,24.245338439941406,Dernier Quartier,365936.9417940862,150835726.5398519
2024-05-07,35,36,41,42,45,6,11,1,7,128,19,5,2,2024,Printemps,False,False,Début,Milieu,127,238,29.068882904728525,0.17899462580680847,Dernier Croissant,365823.77597735066,150982816.8839869
2024-05-10,13,28,29,44,48,4,12,4,10,131,19,5,2,2024,Printemps,True,False,Début,Milieu,130,235,2.6931366850622,9.378626823425293,Nouvelle Lune,379105.2074163312,151086625.43069032
2024-05-14,2,8,17,28,35,7,9,1,14,135,20,5,2,2024,Printemps,True,False,Milieu,Milieu,134,231,6.693136685214995,43.76842498779297,Premier Croissant,399277.14486557426,151216631.324088
2024-05-17,18,31,32,41,46,1,10,4,17,138,20,5,2,2024,Printemps,False,False,Milieu,Milieu,137,228,9.693136685164063,71.64051818847656,Premier Quartier,404638.74551246135,151308794.62409887
2024-05-21,11,13,14,34,48,7,9,1,21,142,21,5,2,2024,Printemps,False,False,Fin,Milieu,141,224,13.69313668482937,96.87559509277344,Lune Gibbeuse Croissante,396789.7260793778,151425871.26198032
2024-05-24,9,12,18,22,50,1,3,4,24,145,21,5,2,2024,Printemps,True,False,Fin,Milieu,144,221,16.693136685120407,98.13383483886719,Pleine Lune,386154.4729811276,151509902.5061079
2024-05-28,16,18,35,36,41,6,7,1,28,149,22,5,2,2024,Printemps,True,False,Fin,Milieu,148,217,20.693136685287755,70.84442138671875,Lune Gibbeuse Décroissante,374226.2943312543,151616724.9068558
2024-05-31,4,7,16,33,34,7,8,4,31,152,22,5,2,2024,Printemps,False,False,Fin,Milieu,151,214,23.69313668509858,37.414703369140625,Dernier Quartier,368909.381816984,151691803.75612935
2024-06-04,6,7,9,14,43,3,4,1,4,156,23,6,2,2024,Été,True,True,Début,Milieu,155,210,27.69313668513496,3.7602667808532715,Dernier Croissant,371021.32276248815,151782379.8785665
2024-06-07,15,16,26,30,37,5,8,4,7,159,23,6,2,2024,Été,False,True,Début,Milieu,158,207,1.3071674522579997,2.265505790710449,Nouvelle Lune,381957.75924556825,151841729.61974996
2024-06-11,7,15,34,45,48,7,9,1,11,163,24,6,2,2024,Été,False,True,Milieu,Milieu,162,203,5.307167452017893,28.039169311523438,Premier Croissant,399452.90193274803,151909175.749905
2024-06-14,2,13,16,24,32,1,7,4,14,166,24,6,2,2024,Été,True,True,Milieu,Milieu,165,200,8.307167452083377,55.90747833251953,Premier Quartier,404030.97994268034,151951797.70946884
2024-06-18,3,11,33,34,36,1,12,1,18,170,25,6,2,2024,Été,True,True,Milieu,Milieu,169,196,12.307167452061549,88.91374206542969,Lune Gibbeuse Croissante,393895.202933069,151999609.20469508
2024-06-21,3,4,7,11,17,3,12,4,21,173,25,6,2,2024,Été,False,True,Fin,Milieu,172,193,15.307167452083377,99.76588439941406,Pleine Lune,380894.7180862057,152029729.91168392
2024-06-25,14,16,37,45,49,5,7,1,25,177,26,6,2,2024,Été,False,True,Fin,Milieu,176,189,19.307167452068825,82.63371276855469,Lune Gibbeuse Décroissante,370183.7772933521,152062953.63999665
2024-06-28,10,16,18,22,35,1,10,4,28,180,26,6,2,2024,Été,True,True,Fin,Milieu,179,186,22.307167452177964,51.0368766784668,Dernier Quartier,369811.60839466966,152082053.2712489
2024-07-02,2,7,34,35,46,6,8,1,2,184,27,7,3,2024,Été,True,False,Début,Milieu,183,182,26.307167451894202,11.297304153442383,Dernier Croissant,376650.4600786106,152097390.04330954
2024-07-05,11,13,29,31,47,1,11,4,5,187,27,7,3,2024,Été,False,False,Début,Milieu,186,179,29.307167452105205,0.2085142284631729,Dernier Croissant,386553.8448662276,152099797.55985394
2024-07-09,6,15,19,28,39,7,11,1,9,191,28,7,3,2024,Été,False,False,Début,Milieu,190,175,3.876853680885688,14.783178329467773,Premier Croissant,400816.39502660144,152090274.49441165
2024-07-12,12,18,24,25,39,8,10,4,12,194,28,7,3,2024,Été,True,False,Milieu,Milieu,193,172,6.876853681227658,39.59305191040039,Premier Croissant,404211.16054285667,152074170.883748
2024-07-16,2,32,35,36,39,7,8,1,16,198,29,7,3,2024,Été,True,False,Milieu,Milieu,197,168,10.87685368090024,76.81592559814453,Premier Quartier,392362.32683928177,152042373.831906
2024-07-19,15,22,35,44,48,6,7,4,19,201,29,7,3,2024,Été,False,False,Milieu,Milieu,200,165,13.876853680987551,96.54398345947266,Lune Gibbeuse Croissante,376768.08425931726,152012163.95763773
2024-07-23,4,8,10,16,34,4,8,1,23,205,30,7,3,2024,Été,False,False,Fin,Milieu,204,161,17.87685368102393,92.11731719970703,Pleine Lune,365017.6480418236,151964958.79991156
2024-07-26,4,19,23,35,37,4,8,4,26,208,30,7,3,2024,Été,True,False,Fin,Milieu,207,158,20.87685368100938,64.65464782714844,Lune Gibbeuse Décroissante,368440.591811615,151924441.1881421
2024-07-30,9,25,28,37,38,2,8,1,30,212,31,7,3,2024,Été,True,False,Fin,Milieu,211,154,24.876853681191278,21.82077407836914,Dernier Quartier,381145.5010595809,151861738.75725234
2024-08-02,5,7,12,33,46,3,12,4,2,215,31,8,3,2024,Été,True,True,Début,Milieu,214,151,27.876853681111243,2.9234132766723633,Dernier Croissant,391544.35637445643,151806776.04621643
2024-08-06,1,18,27,41,50,2,12,1,6,219,32,8,3,2024,Été,True,True,Début,Milieu,218,147,2.3659852076671086,5.344504356384277,Nouvelle Lune,402959.2310411867,151721995.79694173
2024-08-09,21,23,25,33,44,4,10,4,9,222,32,8,3,2024,Été,False,True,Début,Milieu,221,144,5.36598520744883,24.50139045715332,Premier Croissant,404974.9340206582,151650180.47009504
2024-08-13,15,16,39,40,47,1,6,1,13,226,33,8,3,2024,Été,False,True,Milieu,Milieu,225,140,9.36598520782718,61.895259857177734,Premier Quartier,392376.6771983138,151544963.08037674
2024-08-16,15,17,29,45,49,1,10,4,16,229,33,8,3,2024,Été,True,True,Milieu,Milieu,228,137,12.365985207514314,88.4390640258789,Lune Gibbeuse Croissante,374893.8298430231,151460432.49948442
2024-08-20,7,10,13,18,26,3,12,1,20,233,34,8,3,2024,Été,True,True,Milieu,Milieu,232,133,16.365985207492486,98.2991943359375,Pleine Lune,360316.1639104096,151342589.0229999
2024-08-23,9,15,24,47,50,8,9,4,23,236,34,8,3,2024,Été,False,True,Fin,Milieu,235,130,19.365985207776248,77.73200225830078,Lune Gibbeuse Décroissante,365399.08197813353,151251103.39431265
2024-08-27,1,8,11,42,47,4,11,1,27,240,35,8,3,2024,Été,False,True,Fin,Milieu,239,126,23.365985207834456,34.74915313720703,Dernier Quartier,383531.31791059184,151123897.35348883
2024-08-30,3,24,27,33,42,4,6,4,30,243,35,8,3,2024,Été,True,True,Fin,Milieu,242,123,26.365985207477934,9.96253490447998,Dernier Croissant,395593.87443703203,151023227.49502108
2024-09-03,7,9,11,16,45,2,5,1,3,247,36,9,3,2024,Automne,False,False,Début,Fin,246,119,0.75311389536364,0.5351668000221252,Nouvelle Lune,405023.6277146552,150880898.68360722
2024-09-06,12,14,34,41,47,3,4,4,6,250,36,9,3,2024,Automne,True,False,Début,Fin,249,116,3.753113895181741,12.170026779174805,Premier Croissant,405582.17712591134,150768226.90932924
2024-09-10,6,29,46,47,48,2,9,1,10,254,37,9,3,2024,Automne,True,False,Début,Fin,253,112,7.753113895341812,45.874542236328125,Premier Quartier,393241.87845645816,150611363.83136955
2024-09-13,10,15,17,31,42,4,12,4,13,257,37,9,3,2024,Automne,False,False,Milieu,Fin,256,109,10.753113895108982,76.18510437011719,Premier Quartier,375469.89923144697,150490131.998267
2024-09-17,20,30,32,41,44,1,10,1,17,261,38,9,3,2024,Automne,False,False,Milieu,Fin,260,105,14.753113895065326,99.87068176269531,Lune Gibbeuse Croissante,357799.7309274324,150326545.7074389
2024-09-20,16,25,29,34,37,3,7,4,20,264,38,9,3,2024,Automne,True,False,Milieu,Fin,263,102,17.753113895407296,89.16799926757812,Pleine Lune,362056.59774563333,150203744.5302185
2024-09-24,18,20,21,36,49,3,5,1,24,268,39,9,3,2024,Automne,True,False,Fin,Fin,267,98,21.753113895043498,49.606361389160156,Lune Gibbeuse Décroissante,383637.6220265281,150039712.4029933
2024-09-27,7,20,21,27,38,5,12,4,27,271,39,9,3,2024,Automne,False,False,Fin,Fin,270,95,24.753113895036222,20.954389572143555,Dernier Quartier,397847.229114745,149915324.0481992
2024-10-01,8,22,29,41,42,9,11,1,1,275,40,10,4,2024,Automne,False,True,Début,Fin,274,91,28.753113894978014,0.8099459409713745,Dernier Croissant,406197.4661848936,149746352.05369398
2024-10-04,4,8,16,17,20,1,6,4,4,278,40,10,4,2024,Automne,True,True,Début,Fin,277,88,2.049148791942571,3.758493661880493,Nouvelle Lune,405167.8279243459,149617184.33272284
2024-10-08,7,14,19,34,40,6,8,1,8,282,41,10,4,2024,Automne,True,True,Début,Fin,281,84,6.049148792255437,30.483396530151367,Premier Croissant,393585.3466370766,149442523.46579048
2024-10-11,16,23,32,46,49,4,5,4,11,285,41,10,4,2024,Automne,False,True,Milieu,Fin,284,81,9.049148791993503,61.310001373291016,Premier Quartier,377460.83739229763,149310921.47809115
2024-10-15,2,15,32,36,48,3,9,1,15,289,42,10,4,2024,Automne,False,True,Milieu,Fin,288,77,13.049148792262713,95.9333267211914,Lune Gibbeuse Croissante,358574.78963903576,149137464.36943096
2024-10-18,4,15,23,30,39,1,12,4,18,292,42,10,4,2024,Automne,True,True,Milieu,Fin,291,74,16.049148792022606,97.16606903076172,Pleine Lune,360306.3415772858,149010704.16500425
2024-10-22,3,13,27,30,46,1,2,1,22,296,43,10,4,2024,Automne,True,True,Fin,Fin,295,70,20.049148792058986,65.49502563476562,Lune Gibbeuse Décroissante,382250.51353601523,148846868.20579374
2024-10-25,4,17,20,25,45,8,9,4,25,299,43,10,4,2024,Automne,False,True,Fin,Fin,298,67,23.049148791913467,35.42881393432617,Dernier Quartier,398210.44645451667,148727063.04916197
2024-10-29,1,2,19,30,45,10,12,1,29,303,44,10,4,2024,Automne,False,True,Fin,Fin,302,63,27.049148792058986,6.422421455383301,Dernier Croissant,406155.73868460144,148569923.5526361
2024-11-01,7,33,38,44,50,2,7,4,1,306,44,11,4,2024,Automne,False,False,Début,Fin,305,60,0.30062315986288013,0.15758244693279266,Nouvelle Lune,403295.9420139114,148453595.91990176
2024-11-05,1,8,19,37,50,6,9,1,5,310,45,11,4,2024,Automne,False,False,Début,Fin,309,56,4.300623159950192,17.134105682373047,Premier Croissant,392010.6037191231,148300763.20297197
2024-11-08,2,33,35,42,48,1,3,4,8,313,45,11,4,2024,Automne,True,False,Début,Fin,312,53,7.30062316020485,45.61267852783203,Premier Croissant,378929.9728136853,148188679.93273816
2024-11-12,10,11,12,22,50,1,10,1,12,317,46,11,4,2024,Automne,True,False,Milieu,Fin,316,49,11.300623160212126,86.84246063232422,Lune Gibbeuse Croissante,362280.5608732448,148045129.52959624
2024-11-15,7,8,34,39,44,2,6,4,15,320,46,11,4,2024,Automne,False,False,Milieu,Fin,319,46,14.300623160066607,99.88605499267578,Lune Gibbeuse Croissante,361725.2159110928,147943871.16708428
2024-11-19,4,13,20,28,49,7,12,1,19,324,47,11,4,2024,Automne,False,False,Milieu,Fin,323,42,18.30062315986288,80.62958526611328,Pleine Lune,381015.8601947333,147818858.64133424
2024-11-22,10,11,12,29,31,8,11,4,22,327,47,11,4,2024,Automne,True,False,Fin,Fin,326,39,21.300623159797397,52.34370803833008,Lune Gibbeuse Décroissante,397434.13382804644,147732152.37882403
2024-11-26,7,11,25,31,40,9,12,1,26,331,48,11,4,2024,Automne,True,False,Fin,Fin,330,35,25.30062316004478,17.299571990966797,Dernier Quartier,405253.82558563247,147624402.63837013
2024-11-29,8,17,18,29,43,5,9,4,29,334,48,11,4,2024,Automne,False,False,Fin,Fin,333,32,28.30062316011754,2.1002297401428223,Dernier Croissant,400380.72927229916,147548663.95122886
2024-12-03,23,25,34,46,47,6,8,1,3,338,49,12,4,2024,Hiver,False,True,Début,Fin,337,28,2.5684853924249182,6.956040859222412,Nouvelle Lune,387963.66314821836,147453941.55029854
2024-12-06,14,25,39,44,47,6,10,4,6,341,49,12,4,2024,Hiver,True,True,Début,Fin,340,25,5.568485392366711,30.57187271118164,Premier Croissant,378031.1945018835,147387895.34643048
2024-12-10,5,24,25,29,47,5,9,1,10,345,50,12,4,2024,Hiver,True,True,Début,Fin,344,21,9.568485392665025,74.14704132080078,Premier Quartier,366972.77996703127,147308358.1331858
2024-12-13,1,15,25,42,50,4,10,4,13,348,50,12,4,2024,Hiver,False,True,Milieu,Fin,347,18,12.568485392803268,96.6527328491211,Lune Gibbeuse Croissante,366383.1961628199,147256971.03005472
2024-12-17,1,3,4,21,29,2,7,1,17,352,51,12,4,2024,Hiver,False,True,Milieu,Fin,351,14,16.568485392483126,92.49617767333984,Pleine Lune,381719.58508279885,147201339.56442317
2024-12-20,10,14,21,33,50,6,9,4,20,355,51,12,4,2024,Hiver,True,True,Milieu,Fin,354,11,19.568485392650473,69.6803207397461,Lune Gibbeuse Décroissante,396839.49953339907,147169185.84346348
2024-12-24,6,10,16,23,24,11,12,1,24,359,52,12,4,2024,Hiver,True,True,Fin,Fin,358,7,23.56848539243947,32.59601593017578,Dernier Quartier,404310.2894792769,147137602.79309213
2024-12-27,12,22,27,33,45,4,8,4,27,362,52,12,4,2024,Hiver,False,True,Fin,Fin,361,4,26.568485392606817,9.942540168762207,Dernier Croissant,397594.3214522898,147121267.34750196
2024-12-31,19,24,26,28,33,8,12,1,31,366,1,12,4,2024,Hiver,False,True,Fin,Fin,365,0,0.8980942433190648,1.0927529335021973,Nouvelle Lune,382311.5025619013,147107919.00577244
2025-01-03,3,19,29,35,37,1,9,4,3,3,1,1,1,2025,Hiver,False,False,Début,Début,2,362,3.8980942432244774,17.284378051757812,Premier Croissant,374123.0901715167,147103879.72801462
2025-01-07,20,33,35,41,47,4,12,1,7,7,2,1,1,2025,Hiver,False,False,Début,Début,6,358,7.898094243158994,59.59331130981445,Premier Quartier,370177.68187386036,147107428.58573562
2025-01-10,12,27,36,37,42,6,7,4,10,10,2,1,1,2025,Hiver,True,False,Début,Début,9,355,10.898094242947991,88.36673736572266,Premier Quartier,372489.7963954739,147118369.41092074
2025-01-14,18,20,29,41,48,5,9,1,14,14,3,1,1,2025,Hiver,True,False,Milieu,Début,13,351,14.898094242904335,98.95442199707031,Pleine Lune,385070.74222646165,147145957.76717398
2025-01-17,8,15,24,35,42,6,8,4,17,17,3,1,1,2025,Hiver,False,False,Milieu,Début,16,348,17.89809424298437,84.71256256103516,Pleine Lune,397578.9958261391,147176568.89419967
2025-01-21,6,8,14,27,41,4,5,1,21,21,4,1,1,2025,Hiver,False,False,Fin,Début,20,344,21.898094243151718,50.336063385009766,Lune Gibbeuse Décroissante,404037.11019314063,147229400.50725737
2025-01-24,2,11,19,30,49,3,8,4,24,24,4,1,1,2025,Hiver,True,False,Fin,Début,23,341,24.898094243355445,23.05542755126953,Dernier Quartier,396104.0784639764,147276766.16608647
2025-01-28,9,37,41,42,49,1,9,1,28,28,5,1,1,2025,Hiver,True,False,Fin,Début,27,337,28.89809424323903,0.7465469837188721,Dernier Croissant,377065.2620827668,147348189.1569037
2025-01-31,22,30,41,44,49,2,7,4,31,31,5,1,1,2025,Hiver,False,False,Fin,Début,30,334,2.3083912441434222,6.9055891036987305,Nouvelle Lune,368290.5399992122,147406887.97694743
2025-02-04,3,4,29,39,43,5,10,1,4,35,6,2,1,2025,Hiver,True,True,Début,Début,34,330,6.308391244048835,44.421722412109375,Premier Croissant,370353.36927909707,147491971.39497215
2025-02-07,10,23,24,29,45,8,10,4,7,38,6,2,1,2025,Hiver,False,True,Début,Début,37,327,9.308391244259838,76.57959747314453,Premier Quartier,377526.00613440666,147562056.87659806
2025-02-11,3,21,36,41,46,1,6,1,11,42,7,2,1,2025,Hiver,False,True,Milieu,Début,41,323,13.308391244179802,99.3253402709961,Lune Gibbeuse Croissante,390076.5096989042,147665767.33929414
2025-02-14,4,14,31,36,38,3,10,4,14,45,7,2,1,2025,Hiver,True,True,Milieu,Début,44,320,16.30839124393242,95.08406066894531,Pleine Lune,399821.72705845215,147751626.51264983
2025-02-18,5,14,25,26,40,5,7,1,18,49,8,2,1,2025,Hiver,True,True,Milieu,Début,48,316,20.308391244208906,67.78197479248047,Lune Gibbeuse Décroissante,404515.7225316334,147876014.86744392
2025-02-21,1,3,11,20,43,2,11,4,21,52,8,2,1,2025,Hiver,False,True,Fin,Début,51,313,23.308391243925143,39.473358154296875,Dernier Quartier,396162.8034769084,147975525.5512792
2025-02-25,17,22,23,24,44,6,11,1,25,56,9,2,1,2025,Hiver,False,True,Fin,Début,55,309,27.308391244034283,6.504461765289307,Dernier Croissant,374142.07304936246,148114145.0038691
2025-02-28,7,16,31,43,46,5,9,4,28,59,9,2,1,2025,Hiver,True,True,Fin,Début,58,306,0.8022493960525026,0.921593964099884,Nouvelle Lune,362845.31019689824,148220904.98752138
2025-03-04,15,20,29,35,42,2,9,1,4,63,10,3,1,2025,Printemps,True,False,Début,Début,62,302,4.802249395943363,29.587238311767578,Premier Croissant,367711.2313307155,148365944.48422965
2025-03-07,6,10,27,32,48,3,8,4,7,66,10,3,1,2025,Printemps,False,False,Début,Début,65,299,7.802249396030675,62.56371307373047,Premier Quartier,379845.15651166206,148477412.50023547
2025-03-11,13,36,37,42,47,7,11,1,11,70,11,3,1,2025,Printemps,False,False,Milieu,Début,69,295,11.80224939637992,94.24468231201172,Lune Gibbeuse Croissante,394819.12920414534,148631413.30852568
2025-03-14,8,10,33,35,49,2,9,4,14,73,11,3,1,2025,Printemps,True,False,Milieu,Début,72,292,14.802249396190746,99.72510528564453,Pleine Lune,402652.0567297707,148751548.38409132
2025-03-18,4,9,35,46,50,8,11,1,18,77,12,3,1,2025,Printemps,True,False,Milieu,Début,76,288,18.802249396081606,82.46493530273438,Lune Gibbeuse Décroissante,405138.0474462576,148917470.85764033
2025-03-21,9,17,18,21,50,5,12,4,21,80,12,3,1,2025,Printemps,False,False,Fin,Début,79,285,21.802249396321713,56.52876663208008,Lune Gibbeuse Décroissante,396916.75462158606,149045274.31923628
2025-03-25,1,3,18,33,36,2,6,1,25,84,13,3,1,2025,Printemps,False,False,Fin,Début,83,281,25.802249395943363,17.483205795288086,Dernier Quartier,374038.13743928587,149217893.25546986
2025-03-28,10,21,30,42,45,1,9,4,28,87,13,3,1,2025,Printemps,True,False,Fin,Début,86,278,28.802249395906983,0.5872989892959595,Dernier Croissant,359961.27117211523,149347078.8098969
2025-04-01,9,24,30,46,49,4,12,1,1,91,14,4,2,2025,Printemps,False,True,Début,Début,90,274,3.3765447020923602,16.33604621887207,Nouvelle Lune,364008.73420754785,149517031.64447576
2025-04-04,27,39,41,45,50,5,7,4,4,94,14,4,2,2025,Printemps,True,True,Début,Début,93,271,6.376544701852254,47.304744720458984,Premier Croissant,379463.3394346984,149642935.84302002
2025-04-08,3,14,15,48,49,1,7,1,8,98,15,4,2,2025,Printemps,True,True,Début,Début,97,267,10.376544702114188,84.77555847167969,Premier Quartier,397830.0574472625,149810356.3268633
2025-04-11,14,28,34,46,49,3,8,4,11,101,15,4,2,2025,Printemps,False,True,Milieu,Début,100,264,13.376544702070532,98.74467468261719,Lune Gibbeuse Croissante,404839.02358147624,149936438.8599664
2025-04-15,3,31,33,38,44,6,12,1,15,105,16,4,2,2025,Printemps,False,True,Milieu,Début,104,260,17.376544702259707,92.93340301513672,Pleine Lune,405031.91748516395,150105339.5206481
2025-04-18,20,27,35,39,48,3,8,4,18,108,16,4,2,2025,Printemps,True,True,Milieu,Début,107,257,20.376544701866806,71.98285675048828,Lune Gibbeuse Décroissante,397043.01688248676,150232028.39125127
2025-04-22,7,28,33,37,47,9,12,1,22,112,17,4,2,2025,Printemps,True,True,Fin,Début,111,253,24.376544702106912,31.544797897338867,Dernier Quartier,375636.2867680877,150399163.5398004
2025-04-25,13,22,32,39,41,1,12,4,25,115,17,4,2,2025,Printemps,False,True,Fin,Début,114,250,27.37654470182315,5.916842937469482,Dernier Croissant,360371.3709955207,150521233.5453295
2025-04-29,2,9,24,30,41,1,11,1,29,119,18,4,2,2025,Printemps,False,True,Fin,Début,118,246,2.020071388455108,6.311929702758789,Nouvelle Lune,361523.23112462024,150677151.4501273
2025-05-02,3,5,19,21,49,1,10,4,2,122,18,5,2,2025,Printemps,True,False,Début,Milieu,121,243,5.020071388556971,31.97041130065918,Premier Croissant,377777.6250510264,150788574.88249338
2025-05-06,8,23,24,47,48,4,9,1,6,126,19,5,2,2025,Printemps,True,False,Début,Milieu,125,239,9.020071388833458,71.93135833740234,Premier Quartier,398822.21758567804,150931206.86265728
2025-05-09,15,18,25,29,47,5,9,4,9,129,19,5,2,2025,Printemps,False,False,Début,Milieu,128,236,12.020071388462384,92.76323699951172,Lune Gibbeuse Croissante,405694.71598521346,151034801.40789008
2025-05-13,9,19,44,47,50,2,9,1,13,133,20,5,2,2025,Printemps,False,False,Milieu,Milieu,132,232,16.020071388476936,98.67039489746094,Pleine Lune,403622.7609915752,151169140.83106768
2025-05-16,6,9,25,37,46,6,12,4,16,136,20,5,2,2025,Printemps,True,False,Milieu,Milieu,135,229,19.020071388746146,84.55361938476562,Lune Gibbeuse Décroissante,395527.5214419932,151266921.66968217
2025-05-20,1,8,13,29,47,5,6,1,20,140,21,5,2,2025,Printemps,True,False,Milieu,Milieu,139,225,23.02007138882618,46.48517990112305,Dernier Quartier,377150.9114343682,151392183.8638146
2025-05-23,10,29,43,46,49,7,12,4,23,143,21,5,2,2025,Printemps,False,False,Fin,Milieu,142,222,26.02007138862973,15.539532661437988,Dernier Croissant,363171.8505268138,151480602.13808972
2025-05-27,12,30,38,40,41,4,12,1,27,147,22,5,2,2025,Printemps,False,False,Fin,Milieu,146,218,0.7067473881033948,0.9399731755256653,Nouvelle Lune,361824.9021430095,151588458.87927893
2025-05-30,4,7,14,33,36,1,5,4,30,150,22,5,2,2025,Printemps,True,False,Fin,Milieu,149,215,3.706747388372605,18.13872718811035,Premier Croissant,376655.5105690466,151661005.3778169
2025-06-03,12,15,38,47,48,5,7,1,3,154,23,6,2,2025,Été,False,True,Début,Milieu,153,211,7.706747388569056,56.77822494506836,Premier Quartier,398531.93629399623,151747604.6395918
2025-06-06,20,21,29,30,35,2,12,4,6,157,23,6,2,2025,Été,True,True,Début,Milieu,156,208,10.706747388074291,82.5085678100586,Premier Quartier,405366.5037688087,151806205.37562814
2025-06-10,19,36,39,40,45,5,6,1,10,161,24,6,2,2025,Été,True,True,Début,Milieu,160,204,14.706747388350777,99.58540344238281,Lune Gibbeuse Croissante,400974.9455953242,151877164.6965924
2025-06-13,2,28,40,43,45,3,7,4,13,164,24,6,2,2025,Été,False,True,Milieu,Milieu,163,201,17.706747388481745,93.65208435058594,Pleine Lune,392081.8678807239,151925386.36130396
2025-06-17,13,22,23,44,49,3,5,1,17,168,25,6,2,2025,Été,False,True,Milieu,Milieu,167,197,21.706747388270742,60.86050796508789,Lune Gibbeuse Décroissante,377125.6241512195,151982596.0877813
2025-06-20,5,8,24,37,47,3,9,4,20,171,25,6,2,2025,Été,True,True,Milieu,Milieu,170,194,24.706747388481745,27.64716148376465,Dernier Quartier,366646.83176358056,152018958.5043297
2025-06-24,7,16,21,23,39,7,11,1,24,175,26,6,2,2025,Été,True,True,Fin,Milieu,174,190,28.70674738843809,0.7131384611129761,Dernier Croissant,365105.31758959935,152056069.92602527
2025-06-27,19,27,36,45,49,7,10,4,27,178,26,6,2,2025,Été,False,True,Fin,Milieu,177,187,2.394766951307247,7.511321544647217,Nouvelle Lune,377487.93588580954,152074313.55139506
2025-07-01,1,17,28,32,34,7,8,1,1,182,27,7,3,2025,Été,False,False,Début,Milieu,181,183,6.394766951540078,40.68241500854492,Premier Croissant,398116.01969884726,152086351.13411707
2025-07-04,19,29,42,45,48,5,7,4,4,185,27,7,3,2025,Été,True,False,Début,Milieu,184,180,9.394766951198108,68.84984588623047,Premier Quartier,404583.12045572797,152087385.47455835
2025-07-08,1,8,9,18,50,1,5,1,8,189,28,7,3,2025,Été,True,False,Début,Milieu,188,176,13.394766951612837,95.6631088256836,Lune Gibbeuse Croissante,397793.76357806014,152079948.92345455
2025-07-11,8,23,24,45,49,2,10,4,11,192,28,7,3,2025,Été,False,False,Milieu,Milieu,191,173,16.39476695164194,98.86512756347656,Pleine Lune,387210.82659453346,152068624.67896792
2025-07-15,24,38,41,45,49,1,6,1,15,196,29,7,3,2025,Été,False,False,Milieu,Milieu,195,169,20.394766951503698,73.95184326171875,Lune Gibbeuse Décroissante,374869.6919818357,152046297.19220057
2025-07-18,13,19,25,42,45,2,9,4,18,199,29,7,3,2025,Été,True,False,Milieu,Milieu,198,166,23.394766951350903,40.88802719116211,Dernier Quartier,369162.49846525025,152023363.36793315
2025-07-22,8,15,26,33,41,9,10,1,22,203,30,7,3,2025,Été,True,False,Fin,Milieu,202,162,27.394766951423662,5.160304546356201,Dernier Croissant,370339.4717226559,151982275.08557537
2025-07-25,6,7,23,32,36,11,12,4,25,206,30,7,3,2025,Été,False,False,Fin,Milieu,205,159,1.0339519307453884,1.364327073097229,Nouvelle Lune,380643.23849346006,151942328.1443942
2025-07-29,5,6,42,44,46,4,8,1,29,210,31,7,3,2025,Été,False,False,Fin,Milieu,209,155,5.033951930628973,25.351787567138672,Premier Croissant,398529.6374500737,151876986.36203355
2025-08-01,4,16,25,29,30,2,10,4,1,213,31,8,3,2025,Été,False,True,Début,Milieu,212,152,8.03395193049073,53.01006317138672,Premier Quartier,404160.8994552761,151819972.80357093
2025-08-05,1,3,5,42,47,5,10,1,5,217,32,8,3,2025,Été,False,True,Début,Milieu,216,148,12.033951930308831,86.99783325195312,Lune Gibbeuse Croissante,395133.61801895156,151735335.22194332
2025-08-08,2,12,19,34,44,6,10,4,8,220,32,8,3,2025,Été,True,True,Début,Milieu,219,145,15.033951930694457,99.63099670410156,Pleine Lune,382079.9811141201,151666747.7506117
2025-08-12,18,28,42,46,48,3,9,1,12,224,33,8,3,2025,Été,True,True,Milieu,Milieu,223,141,19.03395193057804,85.29112243652344,Lune Gibbeuse Décroissante,370523.41406743287,151569751.58405614
2025-08-15,13,30,35,36,40,2,6,4,15,227,33,8,3,2025,Été,False,True,Milieu,Milieu,226,138,22.03395193074539,54.54523849487305,Lune Gibbeuse Décroissante,369628.50199313724,151492657.55426762
2025-08-19,24,31,34,41,43,6,8,1,19,231,34,8,3,2025,Été,False,True,Milieu,Milieu,230,134,26.0339519306508,13.412976264953613,Dernier Croissant,375905.0425212214,151382232.79543108
2025-08-22,6,9,12,30,39,4,10,4,22,234,34,8,3,2025,Été,True,True,Fin,Milieu,233,131,29.03395193045435,0.23220662772655487,Dernier Croissant,385456.73901964823,151292423.51159695
2025-08-26,2,14,38,42,45,10,11,1,26,238,35,8,3,2025,Été,True,True,Fin,Milieu,237,127,3.578844080962881,12.58139705657959,Nouvelle Lune,400111.03308301524,151163023.95569932
2025-08-29,6,9,10,13,37,1,7,4,29,241,35,8,3,2025,Été,False,True,Fin,Milieu,240,124,6.578844080919225,36.65050506591797,Premier Croissant,404526.31114606484,151059572.0781136
2025-09-02,13,30,31,32,36,1,12,1,2,245,36,9,3,2025,Automne,True,False,Début,Fin,244,120,10.57884408083919,74.13150787353516,Premier Quartier,393889.24683745136,150915103.2519936
2025-09-05,27,30,31,41,43,5,8,4,5,248,36,9,3,2025,Automne,False,False,Début,Fin,247,117,13.578844080788258,95.32308959960938,Lune Gibbeuse Croissante,378186.40129762795,150803465.8181569
2025-09-09,3,13,24,39,40,2,8,1,9,252,37,9,3,2025,Automne,False,False,Début,Fin,251,113,17.5788440809265,94.15148162841797,Pleine Lune,365064.39120158326,150652309.44608027
2025-09-12,5,10,23,31,37,3,11,4,12,255,37,9,3,2025,Automne,True,False,Milieu,Fin,254,110,20.578844081050192,68.19915008544922,Lune Gibbeuse Décroissante,367705.5538828461,150537640.3247432
2025-09-16,1,9,13,35,40,5,6,1,16,259,38,9,3,2025,Automne,True,False,Milieu,Fin,258,106,24.578844080664567,24.72315788269043,Dernier Quartier,380198.8649970266,150381740.25340128
2025-09-19,8,10,26,32,42,9,12,4,19,262,38,9,3,2025,Automne,False,False,Milieu,Fin,261,103,27.578844081115676,4.034144878387451,Dernier Croissant,390613.7077264549,150261293.09235767
2025-09-23,11,13,24,29,33,2,5,1,23,266,39,9,3,2025,Automne,False,False,Fin,Fin,265,99,2.004121491103433,3.87074875831604,Nouvelle Lune,402480.8625194736,150095334.9518969
2025-09-26,4,17,25,28,44,5,11,4,26,269,39,9,3,2025,Automne,True,False,Fin,Fin,268,96,5.004121490732359,21.66388702392578,Premier Croissant,405448.9486713058,149967362.07247004
2025-09-30,3,8,15,17,48,2,8,1,30,273,40,9,3,2025,Automne,True,False,Fin,Fin,272,92,9.004121490703255,58.37010192871094,Premier Quartier,394217.25006804493,149793789.04634663
2025-10-03,6,12,18,25,41,2,6,4,3,276,40,10,4,2025,Automne,False,True,Début,Fin,275,89,12.004121490681428,85.78999328613281,Lune Gibbeuse Croissante,376725.41632287495,149663034.1478018
2025-10-07,24,39,42,43,48,5,8,1,7,280,41,10,4,2025,Automne,False,True,Début,Fin,279,85,16.004121491096157,99.25785827636719,Pleine Lune,360239.396455782,149490548.96248734
2025-10-10,6,7,17,20,21,1,10,4,10,283,41,10,4,2025,Automne,True,True,Début,Fin,282,82,19.004121490957914,81.17996978759766,Lune Gibbeuse Décroissante,364019.636300696,149363628.25695765
2025-10-14,5,8,14,16,18,3,10,1,14,287,42,10,4,2025,Automne,True,True,Milieu,Fin,286,78,23.004121490957914,38.562828063964844,Dernier Quartier,382131.8095952843,149197028.11208504
2025-10-17,13,35,39,44,47,3,5,4,17,290,42,10,4,2025,Automne,False,True,Milieu,Fin,289,75,26.004121490826947,12.404024124145508,Dernier Croissant,394695.0264632932,149072844.84203365
2025-10-21,5,24,29,40,42,6,12,1,21,294,43,10,4,2025,Automne,False,True,Fin,Fin,293,71,0.3158843680212158,0.19034640491008759,Nouvelle Lune,404779.6716111108,148907207.7037788
2025-10-24,7,8,25,31,45,7,12,4,24,297,43,10,4,2025,Automne,True,True,Fin,Fin,296,68,3.31588436801394,9.78743839263916,Nouvelle Lune,406139.6119461747,148783113.6010068
2025-10-28,7,8,24,35,49,2,12,1,28,301,44,10,4,2025,Automne,True,True,Fin,Fin,300,64,7.315884367795661,41.66704559326172,Premier Croissant,395229.5773372361,148619045.8068698
2025-10-31,5,14,38,43,45,7,11,4,31,304,44,10,4,2025,Automne,False,True,Fin,Fin,303,61,10.315884367715626,71.98336791992188,Premier Quartier,377765.95667657076,148498447.06145117
2025-11-04,6,9,25,28,45,1,4,1,4,308,45,11,4,2025,Automne,True,False,Début,Fin,307,57,14.315884367933904,99.10026550292969,Lune Gibbeuse Croissante,358045.35891746596,148343697.2480138
2025-11-07,11,21,39,40,43,2,8,4,7,311,45,11,4,2025,Automne,False,False,Début,Fin,310,54,17.31588436783204,92.05477142333984,Pleine Lune,360287.9508259049,148233682.6586626
2025-11-11,4,22,32,36,47,2,10,1,11,315,46,11,4,2025,Automne,False,False,Milieu,Fin,314,50,21.315884367773833,54.30415725708008,Lune Gibbeuse Décroissante,381576.84777378617,148095179.12353596
2025-11-14,9,26,27,45,48,8,9,4,14,318,46,11,4,2025,Automne,True,False,Milieu,Fin,317,47,24.31588436781749,24.860328674316406,Dernier Quartier,396739.7436395454,147996328.27756843
2025-11-18,2,4,15,21,48,6,12,1,18,322,47,11,4,2025,Automne,True,False,Milieu,Fin,321,43,28.315884367999388,2.0066092014312744,Dernier Croissant,406151.3848135359,147869746.40770054
2025-11-21,17,19,29,35,48,5,9,4,21,325,47,11,4,2025,Automne,False,False,Fin,Fin,324,40,1.5505422334899777,2.3410754203796387,Nouvelle Lune,405733.7963318977,147778448.03030008
2025-11-25,6,11,17,35,44,3,7,1,25,329,48,11,4,2025,Automne,False,False,Fin,Fin,328,36,5.550542233562737,26.051494598388672,Premier Croissant,395341.66339394735,147662093.64738193
2025-11-28,5,29,33,39,42,3,9,4,28,332,48,11,4,2025,Automne,True,False,Fin,Fin,331,33,8.550542233591841,55.90364456176758,Premier Quartier,379872.63814582775,147579836.83211488
2025-12-02,4,13,14,20,41,6,12,1,2,336,49,12,4,2025,Hiver,True,True,Début,Fin,335,29,12.550542233962915,93.0260238647461,Lune Gibbeuse Croissante,359523.37623582734,147479327.47475007
2025-12-05,9,15,25,34,46,8,12,4,5,339,49,12,4,2025,Hiver,False,True,Début,Fin,338,26,15.550542233759188,98.67680358886719,Pleine Lune,358822.99512074015,147412567.9326466
2025-12-09,2,8,13,29,49,2,11,1,9,343,50,12,4,2025,Hiver,False,True,Début,Fin,342,22,19.550542233671877,70.64842987060547,Lune Gibbeuse Décroissante,379671.59379550535,147335821.65524787
2025-12-12,7,25,30,37,41,5,11,4,12,346,50,12,4,2025,Hiver,True,True,Milieu,Fin,345,19,22.55054223381012,40.618106842041016,Dernier Quartier,396716.0237499803,147286556.73336706
2025-12-16,14,16,40,41,44,2,10,1,16,350,51,12,4,2025,Hiver,True,True,Milieu,Fin,349,15,26.550542233570013,9.374865531921387,Dernier Croissant,406246.0902169536,147230069.26185304
2025-12-19,17,21,39,43,44,1,11,4,19,353,51,12,4,2025,Hiver,False,True,Milieu,Fin,352,12,29.550542233890155,0.23383013904094696,Nouvelle Lune,403920.6354343952,147193822.76276788
2025-12-23,8,26,27,29,44,11,12,1,23,357,52,12,4,2025,Hiver,False,True,Fin,Fin,356,8,3.7616087924616295,13.138779640197754,Premier Croissant,393229.1651529468,147153322.98445427
2025-12-26,12,22,32,36,48,3,4,4,26,360,52,12,4,2025,Hiver,True,True,Fin,Fin,359,5,6.761608792206971,39.71751022338867,Premier Croissant,380807.9541436116,147129221.06882644
2025-12-30,11,26,29,34,44,1,10,1,30,364,1,12,4,2025,Hiver,True,True,Fin,Fin,363,1,10.761608792257903,82.09579467773438,Premier Quartier,363692.9218159378,147107330.50172827
2026-01-02,8,27,42,44,46,1,10,4,2,2,1,1,1,2026,Hiver,True,False,Début,Début,1,363,13.761608792548941,99.33500671386719,Lune Gibbeuse Croissante,361086.86875094747,147100286.2866539
2026-01-06,5,14,17,18,31,10,12,1,6,6,2,1,1,2026,Hiver,True,False,Début,Début,5,359,17.76160879217059,85.2862777709961,Pleine Lune,378513.0461204491,147104628.73316175
2026-01-09,1,7,10,26,34,2,4,4,9,9,2,1,1,2026,Hiver,False,False,Début,Début,8,356,20.76160879260715,58.1448974609375,Lune Gibbeuse Décroissante,395667.4722735239,147117566.90540594
2026-01-13,6,10,18,44,47,2,10,1,13,13,3,1,1,2026,Hiver,False,False,Milieu,Début,12,352,24.76160879251256,21.80980682373047,Dernier Quartier,405437.5589445983,147145708.0987916
2026-01-16,5,17,24,29,50,5,10,4,16,16,3,1,1,2026,Hiver,True,False,Milieu,Début,15,349,27.761608792403422,3.9979310035705566,Dernier Croissant,401265.54036572267,147173715.54125816
2026-01-20,11,18,19,22,50,1,11,1,20,20,4,1,1,2026,Hiver,True,False,Milieu,Début,19,345,2.0056188936941908,4.14442777633667,Nouvelle Lune,388764.94957912056,147219048.18611643
2026-01-23,4,5,13,21,42,3,10,4,23,23,4,1,1,2026,Hiver,False,False,Fin,Début,22,342,5.0056188934031525,25.00634765625,Premier Croissant,378944.14901787473,147258798.95928288
2026-01-27,4,23,42,43,47,3,9,1,27,27,5,1,1,2026,Hiver,False,False,Fin,Début,26,338,9.005618893628707,68.40562438964844,Premier Quartier,368015.34051690146,147320511.63337106
2026-01-30,14,18,31,35,46,7,11,4,30,30,5,1,1,2026,Hiver,True,False,Fin,Début,29,335,12.005618893672363,94.0862808227539,Lune Gibbeuse Croissante,366376.64794073737,147374796.67308334
2026-02-03,26,27,28,34,37,4,9,1,3,34,6,2,1,2026,Hiver,False,True,Début,Début,33,331,16.005618893512292,95.54884338378906,Pleine Lune,379905.5882420518,147459345.08743155
2026-02-06,10,13,20,23,24,6,11,4,6,37,6,2,1,2026,Hiver,True,True,Début,Début,36,328,19.005618893483188,74.98979187011719,Lune Gibbeuse Décroissante,395203.07097018906,147531579.50049153
2026-02-10,1,17,19,34,42,5,8,1,10,41,7,2,1,2026,Hiver,True,True,Début,Début,40,324,23.005618893221254,37.947235107421875,Dernier Quartier,404565.3218308121,147637768.81355554
2026-02-13,9,13,31,37,40,6,9,4,13,44,7,2,1,2026,Hiver,False,True,Milieu,Début,43,321,26.005618893323117,13.513629913330078,Dernier Croissant,398887.83913037786,147723306.98470533
2026-02-17,1,4,6,10,41,5,12,1,17,48,8,2,1,2026,Hiver,False,True,Milieu,Début,47,317,0.3325858083771891,0.12781375646591187,Nouvelle Lune,383218.2919964637,147843192.3918886
2026-02-20,13,24,28,33,35,5,9,4,20,51,8,2,1,2026,Hiver,True,True,Milieu,Début,50,314,3.3325858083044295,12.837656021118164,Nouvelle Lune,374268.6836199484,147936595.11708343
2026-02-24,10,27,40,43,47,6,10,1,24,55,9,2,1,2026,Hiver,True,True,Fin,Début,54,310,7.3325858083117055,53.72459411621094,Premier Croissant,370139.40263945214,148065994.67298105
2026-02-27,14,24,27,39,42,6,10,4,27,58,9,2,1,2026,Hiver,False,True,Fin,Début,57,307,10.332585808515432,84.46744537353516,Premier Quartier,372298.887856992,148167859.37299305
2026-03-03,6,7,24,34,50,5,7,1,3,62,10,3,1,2026,Printemps,False,False,Début,Début,61,303,14.332585808493604,99.85761260986328,Lune Gibbeuse Croissante,383998.9584939995,148311712.94488505
2026-03-06,15,16,19,28,37,6,9,4,6,65,10,3,1,2026,Printemps,True,False,Début,Début,64,300,17.33258580830443,88.48171997070312,Pleine Lune,396419.4032220272,148425677.64471465
2026-03-10,12,14,27,44,50,4,12,1,10,69,11,3,1,2026,Printemps,True,False,Début,Début,68,296,21.33258580850088,55.50022506713867,Lune Gibbeuse Décroissante,404339.6519857429,148584252.73443925
2026-03-13,13,17,26,41,48,4,10,4,13,72,11,3,1,2026,Printemps,False,False,Milieu,Début,71,293,24.332585808559088,27.58269691467285,Dernier Quartier,397677.32365028333,148706634.82544634
2026-03-17,5,17,28,33,41,3,9,1,17,76,12,3,1,2026,Printemps,False,False,Milieu,Début,75,289,28.332585808275326,1.863954782485962,Dernier Croissant,378513.8472327252,148871986.628407
2026-03-20,5,12,16,37,46,8,10,4,20,79,12,3,1,2026,Printemps,True,False,Milieu,Début,78,286,1.7754095160998986,4.237911224365234,Nouvelle Lune,368329.96865558176,148996187.7319143
2026-03-24,12,16,17,18,27,1,3,1,24,83,13,3,1,2026,Printemps,True,False,Fin,Début,82,282,5.775409516070795,39.078670501708984,Premier Croissant,369233.93678169366,149161432.5341397
2026-03-27,4,10,43,44,48,2,4,4,27,86,13,3,1,2026,Printemps,False,False,Fin,Début,85,279,8.775409515816136,72.11621856689453,Premier Quartier,376550.49519894575,149285954.6398529
2026-03-31,5,8,10,33,38,2,7,1,31,90,14,3,1,2026,Printemps,False,False,Fin,Début,89,275,12.775409516129002,98.33699035644531,Lune Gibbeuse Croissante,389297.02745429816,149454489.71468896
2026-04-03,8,27,29,46,49,2,10,4,3,93,14,4,2,2026,Printemps,False,True,Début,Début,92,272,15.775409516209038,96.8896484375,Pleine Lune,399142.7669890074,149583167.01562324
2026-04-07,11,14,19,36,49,6,7,1,7,97,15,4,2,2026,Printemps,False,True,Début,Début,96,268,19.77540951593255,71.91182708740234,Lune Gibbeuse Décroissante,404837.4910188612,149756891.6261217
2026-04-10,10,13,14,38,41,6,9,4,10,100,15,4,2,2026,Printemps,True,True,Début,Début,99,265,22.775409515976207,44.01677703857422,Dernier Quartier,397690.97738994483,149887539.5239312
2026-04-14,1,2,4,28,44,5,12,1,14,104,16,4,2,2026,Printemps,True,True,Milieu,Début,103,261,26.775409516085347,9.257575035095215,Dernier Croissant,376058.6122614452,150059828.54123095
2026-04-17,22,23,28,41,47,6,8,4,17,107,16,4,2,2026,Printemps,False,True,Milieu,Début,106,258,0.33907214247301454,0.29910215735435486,Nouvelle Lune,363316.2597223157,150185804.07359874
2026-04-21,13,16,29,40,47,3,4,1,21,111,17,4,2,2026,Printemps,False,True,Fin,Début,110,254,4.339072142807709,25.243684768676758,Premier Croissant,366112.9775090082,150348142.02251497
2026-04-24,25,26,30,40,45,1,5,4,24,114,17,4,2,2026,Printemps,True,True,Fin,Début,113,251,7.339072142691293,58.11599349975586,Premier Croissant,378147.2861199751,150466163.8335583
2026-04-28,26,29,41,46,47,8,9,1,28,118,18,4,2,2026,Printemps,True,True,Fin,Début,117,247,11.339072142851364,92.02433776855469,Lune Gibbeuse Croissante,393928.9541415691,150620405.39350295
2026-05-01,3,9,42,46,47,1,11,4,1,121,18,5,2,2026,Printemps,False,False,Début,Début,120,244,14.339072142436635,99.82889556884766,Lune Gibbeuse Croissante,402234.32892425836,150734503.84425172
2026-05-05,3,4,8,20,31,6,8,1,5,125,19,5,2,2026,Printemps,False,False,Début,Milieu,124,240,18.339072142836812,85.24201202392578,Pleine Lune,405468.9068162702,150884287.04022527
2026-05-08,2,17,19,34,37,8,11,4,8,128,19,5,2,2026,Printemps,True,False,Début,Milieu,127,237,21.339072142509394,60.43254852294922,Lune Gibbeuse Décroissante,398172.5155297937,150994051.9611941
2026-05-12,4,26,32,35,36,5,7,1,12,132,20,5,2,2026,Printemps,True,False,Milieu,Milieu,131,233,25.33907214278588,21.01937484741211,Dernier Quartier,375993.5131812732,151134971.9295931
2026-05-15,3,10,38,41,43,2,9,4,15,135,20,5,2,2026,Printemps,False,False,Milieu,Milieu,134,230,28.339072142582154,1.6827946901321411,Dernier Croissant,360894.7759595358,151234732.28181073
2026-05-19,2,12,20,38,45,2,5,1,19,139,21,5,2,2026,Printemps,False,False,Milieu,Milieu,138,226,2.9993263232754543,13.273813247680664,Nouvelle Lune,362569.30960231146,151357907.96160465
2026-05-22,6,22,26,31,37,5,8,4,22,142,21,5,2,2026,Printemps,True,False,Fin,Milieu,141,223,5.999326323260902,43.27032470703125,Premier Croissant,377511.6557753746,151443062.71345294
2026-05-26,6,23,25,35,37,6,12,1,26,146,22,5,2,2026,Printemps,True,False,Fin,Milieu,145,219,9.999326323631976,81.95246124267578,Premier Quartier,396762.83657167706,151548797.2733919
2026-05-29,5,14,18,31,35,2,12,4,29,149,22,5,2,2026,Printemps,False,False,Fin,Milieu,148,216,12.9993263236247,97.70242309570312,Lune Gibbeuse Croissante,404512.4135896236,151623341.11898893
2026-06-02,6,9,17,18,42,7,9,1,2,153,23,6,2,2026,Été,True,True,Début,Milieu,152,212,16.9993263232318,94.49015808105469,Pleine Lune,405398.0606262917,151716895.42855877
2026-06-05,5,6,16,17,49,2,12,4,5,156,23,6,2,2026,Été,False,True,Début,Milieu,155,209,19.999326323704736,75.04161071777344,Lune Gibbeuse Décroissante,398033.12199375936,151782379.8785665
2026-06-09,2,7,23,44,46,3,5,1,9,160,24,6,2,2026,Été,False,True,Début,Milieu,159,205,23.999326323304558,35.17048645019531,Dernier Quartier,377307.9294404758,151862041.92600238
2026-06-12,4,7,14,22,23,1,7,4,12,163,24,6,2,2026,Été,True,True,Milieu,Milieu,162,202,26.999326323370042,8.06581974029541,Dernier Croissant,361471.92510798393,151914418.785935
2026-06-16,18,25,31,37,45,4,9,1,16,167,25,6,2,2026,Été,True,True,Milieu,Milieu,166,198,1.7124442408312461,4.5513505935668945,Nouvelle Lune,360497.4242706102,151972110.01572123
2026-06-19,8,34,39,41,42,2,7,4,19,170,25,6,2,2026,Été,False,True,Milieu,Milieu,169,195,4.712444241136836,28.588336944580078,Premier Croissant,375962.1304786328,152006047.08226937
2026-06-23,3,33,36,45,46,5,6,1,23,174,26,6,2,2026,Été,False,True,Fin,Milieu,173,191,8.712444240874902,68.9250717163086,Premier Quartier,397705.43224188243,152040465.65212637
2026-06-26,6,16,26,34,35,11,12,4,26,177,26,6,2,2026,Été,True,True,Fin,Milieu,176,188,11.712444240729383,91.04559326171875,Lune Gibbeuse Croissante,405422.3726423217,152059600.95029038
2026-06-30,1,8,37,44,48,2,6,1,30,181,27,6,2,2026,Été,True,True,Fin,Milieu,180,184,15.712444240816694,99.27427673339844,Pleine Lune,404069.50299386826,152077398.73926306
2026-07-03,2,12,17,25,39,1,2,4,3,184,27,7,3,2026,Été,False,False,Début,Milieu,183,181,18.71244424104225,86.82064819335938,Lune Gibbeuse Décroissante,396382.726212171,152085138.45911694
2026-07-07,5,29,33,45,47,5,8,1,7,188,28,7,3,2026,Été,False,False,Début,Milieu,187,177,22.712444241049525,49.90285110473633,Dernier Quartier,378493.4362851699,152087367.6411025
2026-07-10,2,14,28,33,48,8,10,4,10,191,28,7,3,2026,Été,True,False,Début,Milieu,190,174,25.712444241085905,18.224403381347656,Dernier Quartier,364196.22931111435,152081678.76867533
2026-07-14,10,19,37,42,47,9,12,1,14,195,29,7,3,2026,Été,True,False,Milieu,Milieu,194,170,0.4281132339674514,0.33167970180511475,Nouvelle Lune,361133.99505136086,152061954.96646714
